SPL,TMS,TDI,TDO,CST,FST,HCST,HFST
0,0,0,0,0,1,ST_TEST_LOGIC_RESET,ST_RUN_TEST_IDLE
1,1,0,0,1,2,ST_RUN_TEST_IDLE,ST_SELECT_DR_SCAN
2,1,0,0,2,9,ST_SELECT_DR_SCAN,ST_SELECT_IR_SCAN
3,0,0,0,9,10,ST_SELECT_IR_SCAN,ST_CAPTURE_IR
4,0,0,0,10,11,ST_CAPTURE_IR,ST_SHIFT_IR
5,0,0,1,11,11,ST_SHIFT_IR,ST_SHIFT_IR
6,0,0,0,11,11,ST_SHIFT_IR,ST_SHIFT_IR
7,0,1,0,11,11,ST_SHIFT_IR,ST_SHIFT_IR
8,0,0,0,11,11,ST_SHIFT_IR,ST_SHIFT_IR
9,0,1,0,11,11,ST_SHIFT_IR,ST_SHIFT_IR
10,0,1,0,11,11,ST_SHIFT_IR,ST_SHIFT_IR
11,0,1,0,11,11,ST_SHIFT_IR,ST_SHIFT_IR
12,1,0,0,11,12,ST_SHIFT_IR,ST_EXIT1_IR
13,1,0,0,12,15,ST_EXIT1_IR,ST_UPDATE_IR
14,0,0,0,15,1,ST_UPDATE_IR,ST_RUN_TEST_IDLE
15,1,0,0,1,2,ST_RUN_TEST_IDLE,ST_SELECT_DR_SCAN
16,0,0,0,2,3,ST_SELECT_DR_SCAN,ST_CAPTURE_DR
17,0,0,0,3,4,ST_CAPTURE_DR,ST_SHIFT_DR
18,0,0,1,4,4,ST_SHIFT_DR,ST_SHIFT_DR
19,0,1,0,4,4,ST_SHIFT_DR,ST_SHIFT_DR
20,0,1,0,4,4,ST_SHIFT_DR,ST_SHIFT_DR
21,0,0,0,4,4,ST_SHIFT_DR,ST_SHIFT_DR
22,0,0,0,4,4,ST_SHIFT_DR,ST_SHIFT_DR
23,0,1,0,4,4,ST_SHIFT_DR,ST_SHIFT_DR
24,0,0,0,4,4,ST_SHIFT_DR,ST_SHIFT_DR
25,0,1,0,4,4,ST_SHIFT_DR,ST_SHIFT_DR
26,0,1,0,4,4,ST_SHIFT_DR,ST_SHIFT_DR
27,0,1,0,4,4,ST_SHIFT_DR,ST_SHIFT_DR
28,0,0,0,4,4,ST_SHIFT_DR,ST_SHIFT_DR
29,0,1,0,4,4,ST_SHIFT_DR,ST_SHIFT_DR
30,0,1,1,4,4,ST_SHIFT_DR,ST_SHIFT_DR
31,0,1,0,4,4,ST_SHIFT_DR,ST_SHIFT_DR
32,0,1,0,4,4,ST_SHIFT_DR,ST_SHIFT_DR
33,0,1,0,4,4,ST_SHIFT_DR,ST_SHIFT_DR
34,0,1,0,4,4,ST_SHIFT_DR,ST_SHIFT_DR
35,0,1,0,4,4,ST_SHIFT_DR,ST_SHIFT_DR
36,0,0,0,4,4,ST_SHIFT_DR,ST_SHIFT_DR
37,0,0,0,4,4,ST_SHIFT_DR,ST_SHIFT_DR
38,0,1,0,4,4,ST_SHIFT_DR,ST_SHIFT_DR
39,0,1,0,4,4,ST_SHIFT_DR,ST_SHIFT_DR
40,0,0,0,4,4,ST_SHIFT_DR,ST_SHIFT_DR
41,0,0,0,4,4,ST_SHIFT_DR,ST_SHIFT_DR
42,0,0,0,4,4,ST_SHIFT_DR,ST_SHIFT_DR
43,0,0,0,4,4,ST_SHIFT_DR,ST_SHIFT_DR
44,0,1,0,4,4,ST_SHIFT_DR,ST_SHIFT_DR
45,0,1,0,4,4,ST_SHIFT_DR,ST_SHIFT_DR
46,0,1,0,4,4,ST_SHIFT_DR,ST_SHIFT_DR
47,0,1,0,4,4,ST_SHIFT_DR,ST_SHIFT_DR
48,0,1,0,4,4,ST_SHIFT_DR,ST_SHIFT_DR
49,1,0,0,4,5,ST_SHIFT_DR,ST_EXIT1_DR
50,0,0,0,5,6,ST_EXIT1_DR,ST_PAUSE_DR
51,1,0,0,6,7,ST_PAUSE_DR,ST_EXIT2_DR
52,0,0,0,7,4,ST_EXIT2_DR,ST_SHIFT_DR
53,1,1,0,4,5,ST_SHIFT_DR,ST_EXIT1_DR
54,1,1,0,5,8,ST_EXIT1_DR,ST_UPDATE_DR
55,0,1,0,8,1,ST_UPDATE_DR,ST_RUN_TEST_IDLE
56,0,0,0,1,1,ST_RUN_TEST_IDLE,ST_RUN_TEST_IDLE
57,1,0,0,1,2,ST_RUN_TEST_IDLE,ST_SELECT_DR_SCAN
58,1,0,0,2,9,ST_SELECT_DR_SCAN,ST_SELECT_IR_SCAN
59,0,0,0,9,10,ST_SELECT_IR_SCAN,ST_CAPTURE_IR
60,0,0,0,10,11,ST_CAPTURE_IR,ST_SHIFT_IR
61,0,0,1,11,11,ST_SHIFT_IR,ST_SHIFT_IR
62,0,0,0,11,11,ST_SHIFT_IR,ST_SHIFT_IR
63,0,1,0,11,11,ST_SHIFT_IR,ST_SHIFT_IR
64,0,0,0,11,11,ST_SHIFT_IR,ST_SHIFT_IR
65,0,1,0,11,11,ST_SHIFT_IR,ST_SHIFT_IR
66,0,1,0,11,11,ST_SHIFT_IR,ST_SHIFT_IR
67,0,0,0,11,11,ST_SHIFT_IR,ST_SHIFT_IR
68,1,1,0,11,12,ST_SHIFT_IR,ST_EXIT1_IR
69,1,1,0,12,15,ST_EXIT1_IR,ST_UPDATE_IR
70,0,1,0,15,1,ST_UPDATE_IR,ST_RUN_TEST_IDLE
71,1,0,0,1,2,ST_RUN_TEST_IDLE,ST_SELECT_DR_SCAN
72,0,0,0,2,3,ST_SELECT_DR_SCAN,ST_CAPTURE_DR
73,0,0,0,3,4,ST_CAPTURE_DR,ST_SHIFT_DR
74,0,0,0,4,4,ST_SHIFT_DR,ST_SHIFT_DR
75,0,0,0,4,4,ST_SHIFT_DR,ST_SHIFT_DR
76,0,1,0,4,4,ST_SHIFT_DR,ST_SHIFT_DR
77,0,0,1,4,4,ST_SHIFT_DR,ST_SHIFT_DR
78,0,1,0,4,4,ST_SHIFT_DR,ST_SHIFT_DR
79,0,1,0,4,4,ST_SHIFT_DR,ST_SHIFT_DR
80,0,0,0,4,4,ST_SHIFT_DR,ST_SHIFT_DR
81,0,1,1,4,4,ST_SHIFT_DR,ST_SHIFT_DR
82,0,0,0,4,4,ST_SHIFT_DR,ST_SHIFT_DR
83,0,0,1,4,4,ST_SHIFT_DR,ST_SHIFT_DR
84,0,0,1,4,4,ST_SHIFT_DR,ST_SHIFT_DR
85,0,0,0,4,4,ST_SHIFT_DR,ST_SHIFT_DR
86,0,0,1,4,4,ST_SHIFT_DR,ST_SHIFT_DR
87,0,0,1,4,4,ST_SHIFT_DR,ST_SHIFT_DR
88,0,0,0,4,4,ST_SHIFT_DR,ST_SHIFT_DR
89,0,0,0,4,4,ST_SHIFT_DR,ST_SHIFT_DR
90,0,0,0,4,4,ST_SHIFT_DR,ST_SHIFT_DR
91,0,0,1,4,4,ST_SHIFT_DR,ST_SHIFT_DR
92,0,0,0,4,4,ST_SHIFT_DR,ST_SHIFT_DR
93,0,0,1,4,4,ST_SHIFT_DR,ST_SHIFT_DR
94,0,0,1,4,4,ST_SHIFT_DR,ST_SHIFT_DR
95,0,0,1,4,4,ST_SHIFT_DR,ST_SHIFT_DR
96,0,0,1,4,4,ST_SHIFT_DR,ST_SHIFT_DR
97,0,0,1,4,4,ST_SHIFT_DR,ST_SHIFT_DR
98,0,0,1,4,4,ST_SHIFT_DR,ST_SHIFT_DR
99,0,0,1,4,4,ST_SHIFT_DR,ST_SHIFT_DR
100,0,0,1,4,4,ST_SHIFT_DR,ST_SHIFT_DR
101,0,0,1,4,4,ST_SHIFT_DR,ST_SHIFT_DR
102,0,0,1,4,4,ST_SHIFT_DR,ST_SHIFT_DR
103,0,0,1,4,4,ST_SHIFT_DR,ST_SHIFT_DR
104,0,0,1,4,4,ST_SHIFT_DR,ST_SHIFT_DR
105,0,0,1,4,4,ST_SHIFT_DR,ST_SHIFT_DR
106,1,0,0,4,5,ST_SHIFT_DR,ST_EXIT1_DR
107,1,0,0,5,8,ST_EXIT1_DR,ST_UPDATE_DR
108,0,0,0,8,1,ST_UPDATE_DR,ST_RUN_TEST_IDLE
109,0,0,0,1,1,ST_RUN_TEST_IDLE,ST_RUN_TEST_IDLE
110,1,0,0,1,2,ST_RUN_TEST_IDLE,ST_SELECT_DR_SCAN
111,1,0,0,2,9,ST_SELECT_DR_SCAN,ST_SELECT_IR_SCAN
112,0,0,0,9,10,ST_SELECT_IR_SCAN,ST_CAPTURE_IR
113,0,0,0,10,11,ST_CAPTURE_IR,ST_SHIFT_IR
114,0,0,1,11,11,ST_SHIFT_IR,ST_SHIFT_IR
115,0,0,0,11,11,ST_SHIFT_IR,ST_SHIFT_IR
116,0,1,0,11,11,ST_SHIFT_IR,ST_SHIFT_IR
117,0,0,0,11,11,ST_SHIFT_IR,ST_SHIFT_IR
118,0,1,0,11,11,ST_SHIFT_IR,ST_SHIFT_IR
119,0,1,0,11,11,ST_SHIFT_IR,ST_SHIFT_IR
120,0,1,0,11,11,ST_SHIFT_IR,ST_SHIFT_IR
121,1,0,0,11,12,ST_SHIFT_IR,ST_EXIT1_IR
122,1,0,0,12,15,ST_EXIT1_IR,ST_UPDATE_IR
123,0,0,0,15,1,ST_UPDATE_IR,ST_RUN_TEST_IDLE
124,1,0,0,1,2,ST_RUN_TEST_IDLE,ST_SELECT_DR_SCAN
125,0,0,0,2,3,ST_SELECT_DR_SCAN,ST_CAPTURE_DR
126,0,0,0,3,4,ST_CAPTURE_DR,ST_SHIFT_DR
127,0,0,1,4,4,ST_SHIFT_DR,ST_SHIFT_DR
128,0,1,0,4,4,ST_SHIFT_DR,ST_SHIFT_DR
129,0,1,0,4,4,ST_SHIFT_DR,ST_SHIFT_DR
130,0,0,0,4,4,ST_SHIFT_DR,ST_SHIFT_DR
131,0,0,0,4,4,ST_SHIFT_DR,ST_SHIFT_DR
132,0,1,0,4,4,ST_SHIFT_DR,ST_SHIFT_DR
133,0,0,0,4,4,ST_SHIFT_DR,ST_SHIFT_DR
134,0,1,0,4,4,ST_SHIFT_DR,ST_SHIFT_DR
135,0,0,0,4,4,ST_SHIFT_DR,ST_SHIFT_DR
136,0,1,0,4,4,ST_SHIFT_DR,ST_SHIFT_DR
137,0,0,0,4,4,ST_SHIFT_DR,ST_SHIFT_DR
138,0,0,0,4,4,ST_SHIFT_DR,ST_SHIFT_DR
139,0,0,1,4,4,ST_SHIFT_DR,ST_SHIFT_DR
140,0,0,0,4,4,ST_SHIFT_DR,ST_SHIFT_DR
141,0,0,0,4,4,ST_SHIFT_DR,ST_SHIFT_DR
142,0,0,0,4,4,ST_SHIFT_DR,ST_SHIFT_DR
143,0,0,0,4,4,ST_SHIFT_DR,ST_SHIFT_DR
144,0,0,0,4,4,ST_SHIFT_DR,ST_SHIFT_DR
145,0,0,0,4,4,ST_SHIFT_DR,ST_SHIFT_DR
146,0,1,0,4,4,ST_SHIFT_DR,ST_SHIFT_DR
147,0,0,0,4,4,ST_SHIFT_DR,ST_SHIFT_DR
148,0,1,0,4,4,ST_SHIFT_DR,ST_SHIFT_DR
149,0,0,0,4,4,ST_SHIFT_DR,ST_SHIFT_DR
150,0,0,0,4,4,ST_SHIFT_DR,ST_SHIFT_DR
151,0,0,0,4,4,ST_SHIFT_DR,ST_SHIFT_DR
152,0,0,0,4,4,ST_SHIFT_DR,ST_SHIFT_DR
153,0,1,0,4,4,ST_SHIFT_DR,ST_SHIFT_DR
154,0,1,0,4,4,ST_SHIFT_DR,ST_SHIFT_DR
155,0,1,0,4,4,ST_SHIFT_DR,ST_SHIFT_DR
156,0,1,0,4,4,ST_SHIFT_DR,ST_SHIFT_DR
157,0,1,0,4,4,ST_SHIFT_DR,ST_SHIFT_DR
158,1,0,0,4,5,ST_SHIFT_DR,ST_EXIT1_DR
159,0,0,0,5,6,ST_EXIT1_DR,ST_PAUSE_DR
160,1,0,0,6,7,ST_PAUSE_DR,ST_EXIT2_DR
161,0,0,0,7,4,ST_EXIT2_DR,ST_SHIFT_DR
162,1,1,0,4,5,ST_SHIFT_DR,ST_EXIT1_DR
163,1,1,0,5,8,ST_EXIT1_DR,ST_UPDATE_DR
164,0,1,0,8,1,ST_UPDATE_DR,ST_RUN_TEST_IDLE
165,0,0,0,1,1,ST_RUN_TEST_IDLE,ST_RUN_TEST_IDLE
166,1,0,0,1,2,ST_RUN_TEST_IDLE,ST_SELECT_DR_SCAN
167,1,0,0,2,9,ST_SELECT_DR_SCAN,ST_SELECT_IR_SCAN
168,0,0,0,9,10,ST_SELECT_IR_SCAN,ST_CAPTURE_IR
169,0,0,0,10,11,ST_CAPTURE_IR,ST_SHIFT_IR
170,0,0,1,11,11,ST_SHIFT_IR,ST_SHIFT_IR
171,0,0,0,11,11,ST_SHIFT_IR,ST_SHIFT_IR
172,0,1,0,11,11,ST_SHIFT_IR,ST_SHIFT_IR
173,0,0,0,11,11,ST_SHIFT_IR,ST_SHIFT_IR
174,0,1,0,11,11,ST_SHIFT_IR,ST_SHIFT_IR
175,0,1,0,11,11,ST_SHIFT_IR,ST_SHIFT_IR
176,0,1,0,11,11,ST_SHIFT_IR,ST_SHIFT_IR
177,1,0,0,11,12,ST_SHIFT_IR,ST_EXIT1_IR
178,1,0,0,12,15,ST_EXIT1_IR,ST_UPDATE_IR
179,0,0,0,15,1,ST_UPDATE_IR,ST_RUN_TEST_IDLE
180,1,0,0,1,2,ST_RUN_TEST_IDLE,ST_SELECT_DR_SCAN
181,0,0,0,2,3,ST_SELECT_DR_SCAN,ST_CAPTURE_DR
182,0,0,0,3,4,ST_CAPTURE_DR,ST_SHIFT_DR
183,0,0,1,4,4,ST_SHIFT_DR,ST_SHIFT_DR
184,0,1,0,4,4,ST_SHIFT_DR,ST_SHIFT_DR
185,0,1,0,4,4,ST_SHIFT_DR,ST_SHIFT_DR
186,0,0,0,4,4,ST_SHIFT_DR,ST_SHIFT_DR
187,0,0,0,4,4,ST_SHIFT_DR,ST_SHIFT_DR
188,0,1,0,4,4,ST_SHIFT_DR,ST_SHIFT_DR
189,0,0,0,4,4,ST_SHIFT_DR,ST_SHIFT_DR
190,0,1,0,4,4,ST_SHIFT_DR,ST_SHIFT_DR
191,0,1,0,4,4,ST_SHIFT_DR,ST_SHIFT_DR
192,0,1,0,4,4,ST_SHIFT_DR,ST_SHIFT_DR
193,0,0,0,4,4,ST_SHIFT_DR,ST_SHIFT_DR
194,0,1,0,4,4,ST_SHIFT_DR,ST_SHIFT_DR
195,0,1,1,4,4,ST_SHIFT_DR,ST_SHIFT_DR
196,0,1,0,4,4,ST_SHIFT_DR,ST_SHIFT_DR
197,0,1,0,4,4,ST_SHIFT_DR,ST_SHIFT_DR
198,0,1,0,4,4,ST_SHIFT_DR,ST_SHIFT_DR
199,0,1,0,4,4,ST_SHIFT_DR,ST_SHIFT_DR
200,0,1,0,4,4,ST_SHIFT_DR,ST_SHIFT_DR
201,0,0,0,4,4,ST_SHIFT_DR,ST_SHIFT_DR
202,0,0,0,4,4,ST_SHIFT_DR,ST_SHIFT_DR
203,0,1,0,4,4,ST_SHIFT_DR,ST_SHIFT_DR
204,0,1,0,4,4,ST_SHIFT_DR,ST_SHIFT_DR
205,0,0,0,4,4,ST_SHIFT_DR,ST_SHIFT_DR
206,0,0,0,4,4,ST_SHIFT_DR,ST_SHIFT_DR
207,0,0,0,4,4,ST_SHIFT_DR,ST_SHIFT_DR
208,0,0,0,4,4,ST_SHIFT_DR,ST_SHIFT_DR
209,0,1,0,4,4,ST_SHIFT_DR,ST_SHIFT_DR
210,0,1,0,4,4,ST_SHIFT_DR,ST_SHIFT_DR
211,0,1,0,4,4,ST_SHIFT_DR,ST_SHIFT_DR
212,0,1,0,4,4,ST_SHIFT_DR,ST_SHIFT_DR
213,0,1,0,4,4,ST_SHIFT_DR,ST_SHIFT_DR
214,1,0,0,4,5,ST_SHIFT_DR,ST_EXIT1_DR
215,0,0,0,5,6,ST_EXIT1_DR,ST_PAUSE_DR
216,1,0,0,6,7,ST_PAUSE_DR,ST_EXIT2_DR
217,0,0,0,7,4,ST_EXIT2_DR,ST_SHIFT_DR
218,1,1,0,4,5,ST_SHIFT_DR,ST_EXIT1_DR
219,1,1,0,5,8,ST_EXIT1_DR,ST_UPDATE_DR
220,0,1,0,8,1,ST_UPDATE_DR,ST_RUN_TEST_IDLE
221,0,0,0,1,1,ST_RUN_TEST_IDLE,ST_RUN_TEST_IDLE
222,1,0,0,1,2,ST_RUN_TEST_IDLE,ST_SELECT_DR_SCAN
223,1,0,0,2,9,ST_SELECT_DR_SCAN,ST_SELECT_IR_SCAN
224,0,0,0,9,10,ST_SELECT_IR_SCAN,ST_CAPTURE_IR
225,0,0,0,10,11,ST_CAPTURE_IR,ST_SHIFT_IR
226,0,0,1,11,11,ST_SHIFT_IR,ST_SHIFT_IR
227,0,0,0,11,11,ST_SHIFT_IR,ST_SHIFT_IR
228,0,1,0,11,11,ST_SHIFT_IR,ST_SHIFT_IR
229,0,0,0,11,11,ST_SHIFT_IR,ST_SHIFT_IR
230,0,1,0,11,11,ST_SHIFT_IR,ST_SHIFT_IR
231,0,1,0,11,11,ST_SHIFT_IR,ST_SHIFT_IR
232,0,0,0,11,11,ST_SHIFT_IR,ST_SHIFT_IR
233,1,1,0,11,12,ST_SHIFT_IR,ST_EXIT1_IR
234,1,1,0,12,15,ST_EXIT1_IR,ST_UPDATE_IR
235,0,1,0,15,1,ST_UPDATE_IR,ST_RUN_TEST_IDLE
236,1,0,0,1,2,ST_RUN_TEST_IDLE,ST_SELECT_DR_SCAN
237,0,0,0,2,3,ST_SELECT_DR_SCAN,ST_CAPTURE_DR
238,0,0,0,3,4,ST_CAPTURE_DR,ST_SHIFT_DR
239,0,0,0,4,4,ST_SHIFT_DR,ST_SHIFT_DR
240,0,0,0,4,4,ST_SHIFT_DR,ST_SHIFT_DR
241,0,1,0,4,4,ST_SHIFT_DR,ST_SHIFT_DR
242,0,0,1,4,4,ST_SHIFT_DR,ST_SHIFT_DR
243,0,1,0,4,4,ST_SHIFT_DR,ST_SHIFT_DR
244,0,1,0,4,4,ST_SHIFT_DR,ST_SHIFT_DR
245,0,0,0,4,4,ST_SHIFT_DR,ST_SHIFT_DR
246,0,1,1,4,4,ST_SHIFT_DR,ST_SHIFT_DR
247,0,0,0,4,4,ST_SHIFT_DR,ST_SHIFT_DR
248,0,0,1,4,4,ST_SHIFT_DR,ST_SHIFT_DR
249,0,0,1,4,4,ST_SHIFT_DR,ST_SHIFT_DR
250,0,0,0,4,4,ST_SHIFT_DR,ST_SHIFT_DR
251,0,0,1,4,4,ST_SHIFT_DR,ST_SHIFT_DR
252,0,0,1,4,4,ST_SHIFT_DR,ST_SHIFT_DR
253,0,0,0,4,4,ST_SHIFT_DR,ST_SHIFT_DR
254,0,0,0,4,4,ST_SHIFT_DR,ST_SHIFT_DR
255,0,0,0,4,4,ST_SHIFT_DR,ST_SHIFT_DR
256,0,0,1,4,4,ST_SHIFT_DR,ST_SHIFT_DR
257,0,0,0,4,4,ST_SHIFT_DR,ST_SHIFT_DR
258,0,0,1,4,4,ST_SHIFT_DR,ST_SHIFT_DR
259,0,0,1,4,4,ST_SHIFT_DR,ST_SHIFT_DR
260,0,0,1,4,4,ST_SHIFT_DR,ST_SHIFT_DR
261,0,0,1,4,4,ST_SHIFT_DR,ST_SHIFT_DR
262,0,0,1,4,4,ST_SHIFT_DR,ST_SHIFT_DR
263,0,0,1,4,4,ST_SHIFT_DR,ST_SHIFT_DR
264,0,0,1,4,4,ST_SHIFT_DR,ST_SHIFT_DR
265,0,0,1,4,4,ST_SHIFT_DR,ST_SHIFT_DR
266,0,0,1,4,4,ST_SHIFT_DR,ST_SHIFT_DR
267,0,0,1,4,4,ST_SHIFT_DR,ST_SHIFT_DR
268,0,0,1,4,4,ST_SHIFT_DR,ST_SHIFT_DR
269,0,0,1,4,4,ST_SHIFT_DR,ST_SHIFT_DR
270,0,0,1,4,4,ST_SHIFT_DR,ST_SHIFT_DR
271,1,0,0,4,5,ST_SHIFT_DR,ST_EXIT1_DR
272,1,0,0,5,8,ST_EXIT1_DR,ST_UPDATE_DR
273,0,0,0,8,1,ST_UPDATE_DR,ST_RUN_TEST_IDLE
274,0,0,0,1,1,ST_RUN_TEST_IDLE,ST_RUN_TEST_IDLE
275,1,0,0,1,2,ST_RUN_TEST_IDLE,ST_SELECT_DR_SCAN
276,1,0,0,2,9,ST_SELECT_DR_SCAN,ST_SELECT_IR_SCAN
277,0,0,0,9,10,ST_SELECT_IR_SCAN,ST_CAPTURE_IR
278,0,0,0,10,11,ST_CAPTURE_IR,ST_SHIFT_IR
279,0,0,1,11,11,ST_SHIFT_IR,ST_SHIFT_IR
280,0,0,0,11,11,ST_SHIFT_IR,ST_SHIFT_IR
281,0,1,0,11,11,ST_SHIFT_IR,ST_SHIFT_IR
282,0,0,0,11,11,ST_SHIFT_IR,ST_SHIFT_IR
283,0,1,0,11,11,ST_SHIFT_IR,ST_SHIFT_IR
284,0,1,0,11,11,ST_SHIFT_IR,ST_SHIFT_IR
285,0,0,0,11,11,ST_SHIFT_IR,ST_SHIFT_IR
286,1,1,0,11,12,ST_SHIFT_IR,ST_EXIT1_IR
287,1,1,0,12,15,ST_EXIT1_IR,ST_UPDATE_IR
288,0,1,0,15,1,ST_UPDATE_IR,ST_RUN_TEST_IDLE
289,1,0,0,1,2,ST_RUN_TEST_IDLE,ST_SELECT_DR_SCAN
290,0,0,0,2,3,ST_SELECT_DR_SCAN,ST_CAPTURE_DR
291,0,0,0,3,4,ST_CAPTURE_DR,ST_SHIFT_DR
292,0,0,0,4,4,ST_SHIFT_DR,ST_SHIFT_DR
293,0,0,0,4,4,ST_SHIFT_DR,ST_SHIFT_DR
294,0,0,0,4,4,ST_SHIFT_DR,ST_SHIFT_DR
295,0,1,1,4,4,ST_SHIFT_DR,ST_SHIFT_DR
296,0,0,0,4,4,ST_SHIFT_DR,ST_SHIFT_DR
297,0,0,0,4,4,ST_SHIFT_DR,ST_SHIFT_DR
298,0,0,0,4,4,ST_SHIFT_DR,ST_SHIFT_DR
299,0,1,1,4,4,ST_SHIFT_DR,ST_SHIFT_DR
300,0,0,0,4,4,ST_SHIFT_DR,ST_SHIFT_DR
301,0,1,1,4,4,ST_SHIFT_DR,ST_SHIFT_DR
302,0,1,1,4,4,ST_SHIFT_DR,ST_SHIFT_DR
303,0,0,0,4,4,ST_SHIFT_DR,ST_SHIFT_DR
304,0,1,1,4,4,ST_SHIFT_DR,ST_SHIFT_DR
305,0,1,1,4,4,ST_SHIFT_DR,ST_SHIFT_DR
306,0,0,0,4,4,ST_SHIFT_DR,ST_SHIFT_DR
307,0,0,0,4,4,ST_SHIFT_DR,ST_SHIFT_DR
308,0,0,0,4,4,ST_SHIFT_DR,ST_SHIFT_DR
309,0,1,1,4,4,ST_SHIFT_DR,ST_SHIFT_DR
310,0,0,0,4,4,ST_SHIFT_DR,ST_SHIFT_DR
311,0,1,1,4,4,ST_SHIFT_DR,ST_SHIFT_DR
312,0,1,1,4,4,ST_SHIFT_DR,ST_SHIFT_DR
313,0,1,1,4,4,ST_SHIFT_DR,ST_SHIFT_DR
314,0,1,1,4,4,ST_SHIFT_DR,ST_SHIFT_DR
315,0,1,1,4,4,ST_SHIFT_DR,ST_SHIFT_DR
316,0,1,1,4,4,ST_SHIFT_DR,ST_SHIFT_DR
317,0,1,1,4,4,ST_SHIFT_DR,ST_SHIFT_DR
318,0,1,1,4,4,ST_SHIFT_DR,ST_SHIFT_DR
319,0,1,1,4,4,ST_SHIFT_DR,ST_SHIFT_DR
320,0,1,1,4,4,ST_SHIFT_DR,ST_SHIFT_DR
321,0,1,1,4,4,ST_SHIFT_DR,ST_SHIFT_DR
322,0,1,1,4,4,ST_SHIFT_DR,ST_SHIFT_DR
323,0,1,1,4,4,ST_SHIFT_DR,ST_SHIFT_DR
324,1,1,0,4,5,ST_SHIFT_DR,ST_EXIT1_DR
325,1,1,0,5,8,ST_EXIT1_DR,ST_UPDATE_DR
326,0,1,0,8,1,ST_UPDATE_DR,ST_RUN_TEST_IDLE
327,0,0,0,1,1,ST_RUN_TEST_IDLE,ST_RUN_TEST_IDLE
328,1,0,0,1,2,ST_RUN_TEST_IDLE,ST_SELECT_DR_SCAN
329,1,0,0,2,9,ST_SELECT_DR_SCAN,ST_SELECT_IR_SCAN
330,0,0,0,9,10,ST_SELECT_IR_SCAN,ST_CAPTURE_IR
331,0,0,0,10,11,ST_CAPTURE_IR,ST_SHIFT_IR
332,0,0,1,11,11,ST_SHIFT_IR,ST_SHIFT_IR
333,0,0,0,11,11,ST_SHIFT_IR,ST_SHIFT_IR
334,0,1,0,11,11,ST_SHIFT_IR,ST_SHIFT_IR
335,0,0,0,11,11,ST_SHIFT_IR,ST_SHIFT_IR
336,0,1,0,11,11,ST_SHIFT_IR,ST_SHIFT_IR
337,0,1,0,11,11,ST_SHIFT_IR,ST_SHIFT_IR
338,0,1,0,11,11,ST_SHIFT_IR,ST_SHIFT_IR
339,1,0,0,11,12,ST_SHIFT_IR,ST_EXIT1_IR
340,1,0,0,12,15,ST_EXIT1_IR,ST_UPDATE_IR
341,0,0,0,15,1,ST_UPDATE_IR,ST_RUN_TEST_IDLE
342,1,0,0,1,2,ST_RUN_TEST_IDLE,ST_SELECT_DR_SCAN
343,0,0,0,2,3,ST_SELECT_DR_SCAN,ST_CAPTURE_DR
344,0,0,0,3,4,ST_CAPTURE_DR,ST_SHIFT_DR
345,0,0,1,4,4,ST_SHIFT_DR,ST_SHIFT_DR
346,0,1,0,4,4,ST_SHIFT_DR,ST_SHIFT_DR
347,0,1,0,4,4,ST_SHIFT_DR,ST_SHIFT_DR
348,0,0,0,4,4,ST_SHIFT_DR,ST_SHIFT_DR
349,0,0,0,4,4,ST_SHIFT_DR,ST_SHIFT_DR
350,0,1,0,4,4,ST_SHIFT_DR,ST_SHIFT_DR
351,0,0,0,4,4,ST_SHIFT_DR,ST_SHIFT_DR
352,0,1,0,4,4,ST_SHIFT_DR,ST_SHIFT_DR
353,0,0,0,4,4,ST_SHIFT_DR,ST_SHIFT_DR
354,0,1,0,4,4,ST_SHIFT_DR,ST_SHIFT_DR
355,0,0,0,4,4,ST_SHIFT_DR,ST_SHIFT_DR
356,0,1,0,4,4,ST_SHIFT_DR,ST_SHIFT_DR
357,0,1,1,4,4,ST_SHIFT_DR,ST_SHIFT_DR
358,0,1,0,4,4,ST_SHIFT_DR,ST_SHIFT_DR
359,0,1,0,4,4,ST_SHIFT_DR,ST_SHIFT_DR
360,0,1,0,4,4,ST_SHIFT_DR,ST_SHIFT_DR
361,0,1,0,4,4,ST_SHIFT_DR,ST_SHIFT_DR
362,0,1,0,4,4,ST_SHIFT_DR,ST_SHIFT_DR
363,0,0,0,4,4,ST_SHIFT_DR,ST_SHIFT_DR
364,0,0,0,4,4,ST_SHIFT_DR,ST_SHIFT_DR
365,0,1,0,4,4,ST_SHIFT_DR,ST_SHIFT_DR
366,0,1,0,4,4,ST_SHIFT_DR,ST_SHIFT_DR
367,0,0,0,4,4,ST_SHIFT_DR,ST_SHIFT_DR
368,0,0,0,4,4,ST_SHIFT_DR,ST_SHIFT_DR
369,0,0,0,4,4,ST_SHIFT_DR,ST_SHIFT_DR
370,0,0,0,4,4,ST_SHIFT_DR,ST_SHIFT_DR
371,0,1,0,4,4,ST_SHIFT_DR,ST_SHIFT_DR
372,0,1,0,4,4,ST_SHIFT_DR,ST_SHIFT_DR
373,0,1,0,4,4,ST_SHIFT_DR,ST_SHIFT_DR
374,0,1,0,4,4,ST_SHIFT_DR,ST_SHIFT_DR
375,0,1,0,4,4,ST_SHIFT_DR,ST_SHIFT_DR
376,0,0,0,4,4,ST_SHIFT_DR,ST_SHIFT_DR
377,1,1,0,4,5,ST_SHIFT_DR,ST_EXIT1_DR
378,1,1,0,5,8,ST_EXIT1_DR,ST_UPDATE_DR
379,0,1,0,8,1,ST_UPDATE_DR,ST_RUN_TEST_IDLE
380,0,0,0,1,1,ST_RUN_TEST_IDLE,ST_RUN_TEST_IDLE
381,1,0,0,1,2,ST_RUN_TEST_IDLE,ST_SELECT_DR_SCAN
382,1,0,0,2,9,ST_SELECT_DR_SCAN,ST_SELECT_IR_SCAN
383,0,0,0,9,10,ST_SELECT_IR_SCAN,ST_CAPTURE_IR
384,0,0,0,10,11,ST_CAPTURE_IR,ST_SHIFT_IR
385,0,0,1,11,11,ST_SHIFT_IR,ST_SHIFT_IR
386,0,0,0,11,11,ST_SHIFT_IR,ST_SHIFT_IR
387,0,1,0,11,11,ST_SHIFT_IR,ST_SHIFT_IR
388,0,0,0,11,11,ST_SHIFT_IR,ST_SHIFT_IR
389,0,1,0,11,11,ST_SHIFT_IR,ST_SHIFT_IR
390,0,1,0,11,11,ST_SHIFT_IR,ST_SHIFT_IR
391,0,1,0,11,11,ST_SHIFT_IR,ST_SHIFT_IR
392,1,0,0,11,12,ST_SHIFT_IR,ST_EXIT1_IR
393,1,0,0,12,15,ST_EXIT1_IR,ST_UPDATE_IR
394,0,0,0,15,1,ST_UPDATE_IR,ST_RUN_TEST_IDLE
395,1,0,0,1,2,ST_RUN_TEST_IDLE,ST_SELECT_DR_SCAN
396,0,0,0,2,3,ST_SELECT_DR_SCAN,ST_CAPTURE_DR
397,0,0,0,3,4,ST_CAPTURE_DR,ST_SHIFT_DR
398,0,0,1,4,4,ST_SHIFT_DR,ST_SHIFT_DR
399,0,1,0,4,4,ST_SHIFT_DR,ST_SHIFT_DR
400,0,1,0,4,4,ST_SHIFT_DR,ST_SHIFT_DR
401,0,0,0,4,4,ST_SHIFT_DR,ST_SHIFT_DR
402,0,0,0,4,4,ST_SHIFT_DR,ST_SHIFT_DR
403,0,1,0,4,4,ST_SHIFT_DR,ST_SHIFT_DR
404,0,0,0,4,4,ST_SHIFT_DR,ST_SHIFT_DR
405,0,1,0,4,4,ST_SHIFT_DR,ST_SHIFT_DR
406,0,1,0,4,4,ST_SHIFT_DR,ST_SHIFT_DR
407,0,1,0,4,4,ST_SHIFT_DR,ST_SHIFT_DR
408,0,0,0,4,4,ST_SHIFT_DR,ST_SHIFT_DR
409,0,1,0,4,4,ST_SHIFT_DR,ST_SHIFT_DR
410,0,1,1,4,4,ST_SHIFT_DR,ST_SHIFT_DR
411,0,1,0,4,4,ST_SHIFT_DR,ST_SHIFT_DR
412,0,1,0,4,4,ST_SHIFT_DR,ST_SHIFT_DR
413,0,1,0,4,4,ST_SHIFT_DR,ST_SHIFT_DR
414,0,1,0,4,4,ST_SHIFT_DR,ST_SHIFT_DR
415,0,1,0,4,4,ST_SHIFT_DR,ST_SHIFT_DR
416,0,0,0,4,4,ST_SHIFT_DR,ST_SHIFT_DR
417,0,0,0,4,4,ST_SHIFT_DR,ST_SHIFT_DR
418,0,1,0,4,4,ST_SHIFT_DR,ST_SHIFT_DR
419,0,1,0,4,4,ST_SHIFT_DR,ST_SHIFT_DR
420,0,0,0,4,4,ST_SHIFT_DR,ST_SHIFT_DR
421,0,0,0,4,4,ST_SHIFT_DR,ST_SHIFT_DR
422,0,0,0,4,4,ST_SHIFT_DR,ST_SHIFT_DR
423,0,0,0,4,4,ST_SHIFT_DR,ST_SHIFT_DR
424,0,1,0,4,4,ST_SHIFT_DR,ST_SHIFT_DR
425,0,1,0,4,4,ST_SHIFT_DR,ST_SHIFT_DR
426,0,1,0,4,4,ST_SHIFT_DR,ST_SHIFT_DR
427,0,1,0,4,4,ST_SHIFT_DR,ST_SHIFT_DR
428,0,1,0,4,4,ST_SHIFT_DR,ST_SHIFT_DR
429,1,0,0,4,5,ST_SHIFT_DR,ST_EXIT1_DR
430,0,0,0,5,6,ST_EXIT1_DR,ST_PAUSE_DR
431,1,0,0,6,7,ST_PAUSE_DR,ST_EXIT2_DR
432,0,0,0,7,4,ST_EXIT2_DR,ST_SHIFT_DR
433,1,1,0,4,5,ST_SHIFT_DR,ST_EXIT1_DR
434,1,1,0,5,8,ST_EXIT1_DR,ST_UPDATE_DR
435,0,1,0,8,1,ST_UPDATE_DR,ST_RUN_TEST_IDLE
436,0,0,0,1,1,ST_RUN_TEST_IDLE,ST_RUN_TEST_IDLE
437,1,0,0,1,2,ST_RUN_TEST_IDLE,ST_SELECT_DR_SCAN
438,1,0,0,2,9,ST_SELECT_DR_SCAN,ST_SELECT_IR_SCAN
439,0,0,0,9,10,ST_SELECT_IR_SCAN,ST_CAPTURE_IR
440,0,0,0,10,11,ST_CAPTURE_IR,ST_SHIFT_IR
441,0,0,1,11,11,ST_SHIFT_IR,ST_SHIFT_IR
442,0,0,0,11,11,ST_SHIFT_IR,ST_SHIFT_IR
443,0,1,0,11,11,ST_SHIFT_IR,ST_SHIFT_IR
444,0,0,0,11,11,ST_SHIFT_IR,ST_SHIFT_IR
445,0,1,0,11,11,ST_SHIFT_IR,ST_SHIFT_IR
446,0,1,0,11,11,ST_SHIFT_IR,ST_SHIFT_IR
447,0,0,0,11,11,ST_SHIFT_IR,ST_SHIFT_IR
448,1,1,0,11,12,ST_SHIFT_IR,ST_EXIT1_IR
449,1,1,0,12,15,ST_EXIT1_IR,ST_UPDATE_IR
450,0,1,0,15,1,ST_UPDATE_IR,ST_RUN_TEST_IDLE
451,1,0,0,1,2,ST_RUN_TEST_IDLE,ST_SELECT_DR_SCAN
452,0,0,0,2,3,ST_SELECT_DR_SCAN,ST_CAPTURE_DR
453,0,0,0,3,4,ST_CAPTURE_DR,ST_SHIFT_DR
454,0,0,0,4,4,ST_SHIFT_DR,ST_SHIFT_DR
455,0,0,0,4,4,ST_SHIFT_DR,ST_SHIFT_DR
456,0,1,0,4,4,ST_SHIFT_DR,ST_SHIFT_DR
457,0,0,1,4,4,ST_SHIFT_DR,ST_SHIFT_DR
458,0,1,0,4,4,ST_SHIFT_DR,ST_SHIFT_DR
459,0,1,0,4,4,ST_SHIFT_DR,ST_SHIFT_DR
460,0,0,0,4,4,ST_SHIFT_DR,ST_SHIFT_DR
461,0,1,1,4,4,ST_SHIFT_DR,ST_SHIFT_DR
462,0,0,0,4,4,ST_SHIFT_DR,ST_SHIFT_DR
463,0,0,1,4,4,ST_SHIFT_DR,ST_SHIFT_DR
464,0,0,1,4,4,ST_SHIFT_DR,ST_SHIFT_DR
465,0,0,0,4,4,ST_SHIFT_DR,ST_SHIFT_DR
466,0,0,1,4,4,ST_SHIFT_DR,ST_SHIFT_DR
467,0,0,1,4,4,ST_SHIFT_DR,ST_SHIFT_DR
468,0,0,0,4,4,ST_SHIFT_DR,ST_SHIFT_DR
469,0,0,0,4,4,ST_SHIFT_DR,ST_SHIFT_DR
470,0,0,0,4,4,ST_SHIFT_DR,ST_SHIFT_DR
471,0,0,1,4,4,ST_SHIFT_DR,ST_SHIFT_DR
472,0,0,0,4,4,ST_SHIFT_DR,ST_SHIFT_DR
473,0,0,1,4,4,ST_SHIFT_DR,ST_SHIFT_DR
474,0,0,1,4,4,ST_SHIFT_DR,ST_SHIFT_DR
475,0,0,1,4,4,ST_SHIFT_DR,ST_SHIFT_DR
476,0,0,1,4,4,ST_SHIFT_DR,ST_SHIFT_DR
477,0,0,1,4,4,ST_SHIFT_DR,ST_SHIFT_DR
478,0,0,1,4,4,ST_SHIFT_DR,ST_SHIFT_DR
479,0,0,1,4,4,ST_SHIFT_DR,ST_SHIFT_DR
480,0,0,1,4,4,ST_SHIFT_DR,ST_SHIFT_DR
481,0,0,1,4,4,ST_SHIFT_DR,ST_SHIFT_DR
482,0,0,1,4,4,ST_SHIFT_DR,ST_SHIFT_DR
483,0,0,1,4,4,ST_SHIFT_DR,ST_SHIFT_DR
484,0,0,1,4,4,ST_SHIFT_DR,ST_SHIFT_DR
485,0,0,1,4,4,ST_SHIFT_DR,ST_SHIFT_DR
486,1,0,0,4,5,ST_SHIFT_DR,ST_EXIT1_DR
487,1,0,0,5,8,ST_EXIT1_DR,ST_UPDATE_DR
488,0,0,0,8,1,ST_UPDATE_DR,ST_RUN_TEST_IDLE
489,0,0,0,1,1,ST_RUN_TEST_IDLE,ST_RUN_TEST_IDLE
490,1,0,0,1,2,ST_RUN_TEST_IDLE,ST_SELECT_DR_SCAN
491,1,0,0,2,9,ST_SELECT_DR_SCAN,ST_SELECT_IR_SCAN
492,0,0,0,9,10,ST_SELECT_IR_SCAN,ST_CAPTURE_IR
493,0,0,0,10,11,ST_CAPTURE_IR,ST_SHIFT_IR
494,0,0,1,11,11,ST_SHIFT_IR,ST_SHIFT_IR
495,0,0,0,11,11,ST_SHIFT_IR,ST_SHIFT_IR
496,0,1,0,11,11,ST_SHIFT_IR,ST_SHIFT_IR
497,0,0,0,11,11,ST_SHIFT_IR,ST_SHIFT_IR
498,0,1,0,11,11,ST_SHIFT_IR,ST_SHIFT_IR
499,0,1,0,11,11,ST_SHIFT_IR,ST_SHIFT_IR
500,0,0,0,11,11,ST_SHIFT_IR,ST_SHIFT_IR
501,1,1,0,11,12,ST_SHIFT_IR,ST_EXIT1_IR
502,1,1,0,12,15,ST_EXIT1_IR,ST_UPDATE_IR
503,0,1,0,15,1,ST_UPDATE_IR,ST_RUN_TEST_IDLE
504,1,0,0,1,2,ST_RUN_TEST_IDLE,ST_SELECT_DR_SCAN
505,0,0,0,2,3,ST_SELECT_DR_SCAN,ST_CAPTURE_DR
506,0,0,0,3,4,ST_CAPTURE_DR,ST_SHIFT_DR
507,0,0,0,4,4,ST_SHIFT_DR,ST_SHIFT_DR
508,0,0,0,4,4,ST_SHIFT_DR,ST_SHIFT_DR
509,0,0,0,4,4,ST_SHIFT_DR,ST_SHIFT_DR
510,0,0,1,4,4,ST_SHIFT_DR,ST_SHIFT_DR
511,0,0,0,4,4,ST_SHIFT_DR,ST_SHIFT_DR
512,0,0,0,4,4,ST_SHIFT_DR,ST_SHIFT_DR
513,0,0,0,4,4,ST_SHIFT_DR,ST_SHIFT_DR
514,0,0,1,4,4,ST_SHIFT_DR,ST_SHIFT_DR
515,0,0,0,4,4,ST_SHIFT_DR,ST_SHIFT_DR
516,0,0,1,4,4,ST_SHIFT_DR,ST_SHIFT_DR
517,0,0,1,4,4,ST_SHIFT_DR,ST_SHIFT_DR
518,0,0,0,4,4,ST_SHIFT_DR,ST_SHIFT_DR
519,0,0,1,4,4,ST_SHIFT_DR,ST_SHIFT_DR
520,0,0,1,4,4,ST_SHIFT_DR,ST_SHIFT_DR
521,0,0,0,4,4,ST_SHIFT_DR,ST_SHIFT_DR
522,0,0,0,4,4,ST_SHIFT_DR,ST_SHIFT_DR
523,0,0,0,4,4,ST_SHIFT_DR,ST_SHIFT_DR
524,0,0,1,4,4,ST_SHIFT_DR,ST_SHIFT_DR
525,0,0,0,4,4,ST_SHIFT_DR,ST_SHIFT_DR
526,0,0,1,4,4,ST_SHIFT_DR,ST_SHIFT_DR
527,0,0,1,4,4,ST_SHIFT_DR,ST_SHIFT_DR
528,0,0,1,4,4,ST_SHIFT_DR,ST_SHIFT_DR
529,0,0,1,4,4,ST_SHIFT_DR,ST_SHIFT_DR
530,0,0,1,4,4,ST_SHIFT_DR,ST_SHIFT_DR
531,0,1,1,4,4,ST_SHIFT_DR,ST_SHIFT_DR
532,0,0,1,4,4,ST_SHIFT_DR,ST_SHIFT_DR
533,0,0,1,4,4,ST_SHIFT_DR,ST_SHIFT_DR
534,0,0,1,4,4,ST_SHIFT_DR,ST_SHIFT_DR
535,0,1,1,4,4,ST_SHIFT_DR,ST_SHIFT_DR
536,0,1,1,4,4,ST_SHIFT_DR,ST_SHIFT_DR
537,0,1,1,4,4,ST_SHIFT_DR,ST_SHIFT_DR
538,0,0,1,4,4,ST_SHIFT_DR,ST_SHIFT_DR
539,1,1,0,4,5,ST_SHIFT_DR,ST_EXIT1_DR
540,1,1,0,5,8,ST_EXIT1_DR,ST_UPDATE_DR
541,0,1,0,8,1,ST_UPDATE_DR,ST_RUN_TEST_IDLE
542,0,0,0,1,1,ST_RUN_TEST_IDLE,ST_RUN_TEST_IDLE
543,1,0,0,1,2,ST_RUN_TEST_IDLE,ST_SELECT_DR_SCAN
544,1,0,0,2,9,ST_SELECT_DR_SCAN,ST_SELECT_IR_SCAN
545,0,0,0,9,10,ST_SELECT_IR_SCAN,ST_CAPTURE_IR
546,0,0,0,10,11,ST_CAPTURE_IR,ST_SHIFT_IR
547,0,0,1,11,11,ST_SHIFT_IR,ST_SHIFT_IR
548,0,0,0,11,11,ST_SHIFT_IR,ST_SHIFT_IR
549,0,1,0,11,11,ST_SHIFT_IR,ST_SHIFT_IR
550,0,0,0,11,11,ST_SHIFT_IR,ST_SHIFT_IR
551,0,1,0,11,11,ST_SHIFT_IR,ST_SHIFT_IR
552,0,1,0,11,11,ST_SHIFT_IR,ST_SHIFT_IR
553,0,1,0,11,11,ST_SHIFT_IR,ST_SHIFT_IR
554,1,0,0,11,12,ST_SHIFT_IR,ST_EXIT1_IR
555,1,0,0,12,15,ST_EXIT1_IR,ST_UPDATE_IR
556,0,0,0,15,1,ST_UPDATE_IR,ST_RUN_TEST_IDLE
557,1,0,0,1,2,ST_RUN_TEST_IDLE,ST_SELECT_DR_SCAN
558,0,0,0,2,3,ST_SELECT_DR_SCAN,ST_CAPTURE_DR
559,0,0,0,3,4,ST_CAPTURE_DR,ST_SHIFT_DR
560,0,0,1,4,4,ST_SHIFT_DR,ST_SHIFT_DR
561,0,1,0,4,4,ST_SHIFT_DR,ST_SHIFT_DR
562,0,1,0,4,4,ST_SHIFT_DR,ST_SHIFT_DR
563,0,0,0,4,4,ST_SHIFT_DR,ST_SHIFT_DR
564,0,0,0,4,4,ST_SHIFT_DR,ST_SHIFT_DR
565,0,1,0,4,4,ST_SHIFT_DR,ST_SHIFT_DR
566,0,0,0,4,4,ST_SHIFT_DR,ST_SHIFT_DR
567,0,1,0,4,4,ST_SHIFT_DR,ST_SHIFT_DR
568,0,0,0,4,4,ST_SHIFT_DR,ST_SHIFT_DR
569,0,1,0,4,4,ST_SHIFT_DR,ST_SHIFT_DR
570,0,0,0,4,4,ST_SHIFT_DR,ST_SHIFT_DR
571,0,1,0,4,4,ST_SHIFT_DR,ST_SHIFT_DR
572,0,1,1,4,4,ST_SHIFT_DR,ST_SHIFT_DR
573,0,1,0,4,4,ST_SHIFT_DR,ST_SHIFT_DR
574,0,1,0,4,4,ST_SHIFT_DR,ST_SHIFT_DR
575,0,1,0,4,4,ST_SHIFT_DR,ST_SHIFT_DR
576,0,1,0,4,4,ST_SHIFT_DR,ST_SHIFT_DR
577,0,1,0,4,4,ST_SHIFT_DR,ST_SHIFT_DR
578,0,0,0,4,4,ST_SHIFT_DR,ST_SHIFT_DR
579,0,0,0,4,4,ST_SHIFT_DR,ST_SHIFT_DR
580,0,1,0,4,4,ST_SHIFT_DR,ST_SHIFT_DR
581,0,1,0,4,4,ST_SHIFT_DR,ST_SHIFT_DR
582,0,0,0,4,4,ST_SHIFT_DR,ST_SHIFT_DR
583,0,0,0,4,4,ST_SHIFT_DR,ST_SHIFT_DR
584,0,0,0,4,4,ST_SHIFT_DR,ST_SHIFT_DR
585,0,0,0,4,4,ST_SHIFT_DR,ST_SHIFT_DR
586,0,1,0,4,4,ST_SHIFT_DR,ST_SHIFT_DR
587,0,1,0,4,4,ST_SHIFT_DR,ST_SHIFT_DR
588,0,1,0,4,4,ST_SHIFT_DR,ST_SHIFT_DR
589,0,1,0,4,4,ST_SHIFT_DR,ST_SHIFT_DR
590,0,1,0,4,4,ST_SHIFT_DR,ST_SHIFT_DR
591,0,0,0,4,4,ST_SHIFT_DR,ST_SHIFT_DR
592,1,1,0,4,5,ST_SHIFT_DR,ST_EXIT1_DR
593,1,1,0,5,8,ST_EXIT1_DR,ST_UPDATE_DR
594,0,1,0,8,1,ST_UPDATE_DR,ST_RUN_TEST_IDLE
595,0,0,0,1,1,ST_RUN_TEST_IDLE,ST_RUN_TEST_IDLE
596,1,0,0,1,2,ST_RUN_TEST_IDLE,ST_SELECT_DR_SCAN
597,1,0,0,2,9,ST_SELECT_DR_SCAN,ST_SELECT_IR_SCAN
598,0,0,0,9,10,ST_SELECT_IR_SCAN,ST_CAPTURE_IR
599,0,0,0,10,11,ST_CAPTURE_IR,ST_SHIFT_IR
600,0,0,1,11,11,ST_SHIFT_IR,ST_SHIFT_IR
601,0,0,0,11,11,ST_SHIFT_IR,ST_SHIFT_IR
602,0,1,0,11,11,ST_SHIFT_IR,ST_SHIFT_IR
603,0,0,0,11,11,ST_SHIFT_IR,ST_SHIFT_IR
604,0,1,0,11,11,ST_SHIFT_IR,ST_SHIFT_IR
605,0,1,0,11,11,ST_SHIFT_IR,ST_SHIFT_IR
606,0,1,0,11,11,ST_SHIFT_IR,ST_SHIFT_IR
607,1,0,0,11,12,ST_SHIFT_IR,ST_EXIT1_IR
608,1,0,0,12,15,ST_EXIT1_IR,ST_UPDATE_IR
609,0,0,0,15,1,ST_UPDATE_IR,ST_RUN_TEST_IDLE
610,1,0,0,1,2,ST_RUN_TEST_IDLE,ST_SELECT_DR_SCAN
611,0,0,0,2,3,ST_SELECT_DR_SCAN,ST_CAPTURE_DR
612,0,0,0,3,4,ST_CAPTURE_DR,ST_SHIFT_DR
613,0,0,1,4,4,ST_SHIFT_DR,ST_SHIFT_DR
614,0,1,0,4,4,ST_SHIFT_DR,ST_SHIFT_DR
615,0,1,0,4,4,ST_SHIFT_DR,ST_SHIFT_DR
616,0,0,0,4,4,ST_SHIFT_DR,ST_SHIFT_DR
617,0,0,0,4,4,ST_SHIFT_DR,ST_SHIFT_DR
618,0,1,0,4,4,ST_SHIFT_DR,ST_SHIFT_DR
619,0,0,0,4,4,ST_SHIFT_DR,ST_SHIFT_DR
620,0,1,0,4,4,ST_SHIFT_DR,ST_SHIFT_DR
621,0,1,0,4,4,ST_SHIFT_DR,ST_SHIFT_DR
622,0,1,0,4,4,ST_SHIFT_DR,ST_SHIFT_DR
623,0,0,0,4,4,ST_SHIFT_DR,ST_SHIFT_DR
624,0,0,0,4,4,ST_SHIFT_DR,ST_SHIFT_DR
625,0,0,1,4,4,ST_SHIFT_DR,ST_SHIFT_DR
626,0,0,0,4,4,ST_SHIFT_DR,ST_SHIFT_DR
627,0,0,0,4,4,ST_SHIFT_DR,ST_SHIFT_DR
628,0,0,0,4,4,ST_SHIFT_DR,ST_SHIFT_DR
629,0,0,0,4,4,ST_SHIFT_DR,ST_SHIFT_DR
630,0,0,0,4,4,ST_SHIFT_DR,ST_SHIFT_DR
631,0,0,0,4,4,ST_SHIFT_DR,ST_SHIFT_DR
632,0,1,0,4,4,ST_SHIFT_DR,ST_SHIFT_DR
633,0,0,0,4,4,ST_SHIFT_DR,ST_SHIFT_DR
634,0,1,0,4,4,ST_SHIFT_DR,ST_SHIFT_DR
635,0,0,0,4,4,ST_SHIFT_DR,ST_SHIFT_DR
636,0,0,0,4,4,ST_SHIFT_DR,ST_SHIFT_DR
637,0,0,0,4,4,ST_SHIFT_DR,ST_SHIFT_DR
638,0,0,0,4,4,ST_SHIFT_DR,ST_SHIFT_DR
639,0,1,0,4,4,ST_SHIFT_DR,ST_SHIFT_DR
640,0,1,0,4,4,ST_SHIFT_DR,ST_SHIFT_DR
641,0,1,0,4,4,ST_SHIFT_DR,ST_SHIFT_DR
642,0,1,0,4,4,ST_SHIFT_DR,ST_SHIFT_DR
643,0,1,0,4,4,ST_SHIFT_DR,ST_SHIFT_DR
644,0,0,0,4,4,ST_SHIFT_DR,ST_SHIFT_DR
645,1,1,0,4,5,ST_SHIFT_DR,ST_EXIT1_DR
646,1,1,0,5,8,ST_EXIT1_DR,ST_UPDATE_DR
647,0,1,0,8,1,ST_UPDATE_DR,ST_RUN_TEST_IDLE
648,0,0,0,1,1,ST_RUN_TEST_IDLE,ST_RUN_TEST_IDLE
649,1,0,0,1,2,ST_RUN_TEST_IDLE,ST_SELECT_DR_SCAN
650,1,0,0,2,9,ST_SELECT_DR_SCAN,ST_SELECT_IR_SCAN
651,0,0,0,9,10,ST_SELECT_IR_SCAN,ST_CAPTURE_IR
652,0,0,0,10,11,ST_CAPTURE_IR,ST_SHIFT_IR
653,0,0,1,11,11,ST_SHIFT_IR,ST_SHIFT_IR
654,0,0,0,11,11,ST_SHIFT_IR,ST_SHIFT_IR
655,0,1,0,11,11,ST_SHIFT_IR,ST_SHIFT_IR
656,0,0,0,11,11,ST_SHIFT_IR,ST_SHIFT_IR
657,0,1,0,11,11,ST_SHIFT_IR,ST_SHIFT_IR
658,0,1,0,11,11,ST_SHIFT_IR,ST_SHIFT_IR
659,0,0,0,11,11,ST_SHIFT_IR,ST_SHIFT_IR
660,1,1,0,11,12,ST_SHIFT_IR,ST_EXIT1_IR
661,1,1,0,12,15,ST_EXIT1_IR,ST_UPDATE_IR
662,0,1,0,15,1,ST_UPDATE_IR,ST_RUN_TEST_IDLE
663,1,0,0,1,2,ST_RUN_TEST_IDLE,ST_SELECT_DR_SCAN
664,0,0,0,2,3,ST_SELECT_DR_SCAN,ST_CAPTURE_DR
665,0,0,0,3,4,ST_CAPTURE_DR,ST_SHIFT_DR
666,0,0,0,4,4,ST_SHIFT_DR,ST_SHIFT_DR
667,0,0,0,4,4,ST_SHIFT_DR,ST_SHIFT_DR
668,0,0,0,4,4,ST_SHIFT_DR,ST_SHIFT_DR
669,0,1,0,4,4,ST_SHIFT_DR,ST_SHIFT_DR
670,0,0,0,4,4,ST_SHIFT_DR,ST_SHIFT_DR
671,0,0,0,4,4,ST_SHIFT_DR,ST_SHIFT_DR
672,0,0,0,4,4,ST_SHIFT_DR,ST_SHIFT_DR
673,0,1,0,4,4,ST_SHIFT_DR,ST_SHIFT_DR
674,0,0,0,4,4,ST_SHIFT_DR,ST_SHIFT_DR
675,0,1,0,4,4,ST_SHIFT_DR,ST_SHIFT_DR
676,0,1,0,4,4,ST_SHIFT_DR,ST_SHIFT_DR
677,0,0,0,4,4,ST_SHIFT_DR,ST_SHIFT_DR
678,0,1,0,4,4,ST_SHIFT_DR,ST_SHIFT_DR
679,0,1,0,4,4,ST_SHIFT_DR,ST_SHIFT_DR
680,0,0,0,4,4,ST_SHIFT_DR,ST_SHIFT_DR
681,0,0,0,4,4,ST_SHIFT_DR,ST_SHIFT_DR
682,0,0,0,4,4,ST_SHIFT_DR,ST_SHIFT_DR
683,0,1,0,4,4,ST_SHIFT_DR,ST_SHIFT_DR
684,0,0,0,4,4,ST_SHIFT_DR,ST_SHIFT_DR
685,0,1,0,4,4,ST_SHIFT_DR,ST_SHIFT_DR
686,0,1,0,4,4,ST_SHIFT_DR,ST_SHIFT_DR
687,0,1,0,4,4,ST_SHIFT_DR,ST_SHIFT_DR
688,0,1,0,4,4,ST_SHIFT_DR,ST_SHIFT_DR
689,0,1,0,4,4,ST_SHIFT_DR,ST_SHIFT_DR
690,0,1,1,4,4,ST_SHIFT_DR,ST_SHIFT_DR
691,0,1,0,4,4,ST_SHIFT_DR,ST_SHIFT_DR
692,0,1,0,4,4,ST_SHIFT_DR,ST_SHIFT_DR
693,0,1,0,4,4,ST_SHIFT_DR,ST_SHIFT_DR
694,0,1,1,4,4,ST_SHIFT_DR,ST_SHIFT_DR
695,0,1,1,4,4,ST_SHIFT_DR,ST_SHIFT_DR
696,0,1,1,4,4,ST_SHIFT_DR,ST_SHIFT_DR
697,0,1,0,4,4,ST_SHIFT_DR,ST_SHIFT_DR
698,1,1,0,4,5,ST_SHIFT_DR,ST_EXIT1_DR
699,1,1,0,5,8,ST_EXIT1_DR,ST_UPDATE_DR
700,0,1,0,8,1,ST_UPDATE_DR,ST_RUN_TEST_IDLE
701,0,0,0,1,1,ST_RUN_TEST_IDLE,ST_RUN_TEST_IDLE
702,1,0,0,1,2,ST_RUN_TEST_IDLE,ST_SELECT_DR_SCAN
703,1,0,0,2,9,ST_SELECT_DR_SCAN,ST_SELECT_IR_SCAN
704,0,0,0,9,10,ST_SELECT_IR_SCAN,ST_CAPTURE_IR
705,0,0,0,10,11,ST_CAPTURE_IR,ST_SHIFT_IR
706,0,0,1,11,11,ST_SHIFT_IR,ST_SHIFT_IR
707,0,0,0,11,11,ST_SHIFT_IR,ST_SHIFT_IR
708,0,1,0,11,11,ST_SHIFT_IR,ST_SHIFT_IR
709,0,0,0,11,11,ST_SHIFT_IR,ST_SHIFT_IR
710,0,1,0,11,11,ST_SHIFT_IR,ST_SHIFT_IR
711,0,1,0,11,11,ST_SHIFT_IR,ST_SHIFT_IR
712,0,1,0,11,11,ST_SHIFT_IR,ST_SHIFT_IR
713,1,0,0,11,12,ST_SHIFT_IR,ST_EXIT1_IR
714,1,0,0,12,15,ST_EXIT1_IR,ST_UPDATE_IR
715,0,0,0,15,1,ST_UPDATE_IR,ST_RUN_TEST_IDLE
716,1,0,0,1,2,ST_RUN_TEST_IDLE,ST_SELECT_DR_SCAN
717,0,0,0,2,3,ST_SELECT_DR_SCAN,ST_CAPTURE_DR
718,0,0,0,3,4,ST_CAPTURE_DR,ST_SHIFT_DR
719,0,0,1,4,4,ST_SHIFT_DR,ST_SHIFT_DR
720,0,1,0,4,4,ST_SHIFT_DR,ST_SHIFT_DR
721,0,1,0,4,4,ST_SHIFT_DR,ST_SHIFT_DR
722,0,0,0,4,4,ST_SHIFT_DR,ST_SHIFT_DR
723,0,0,0,4,4,ST_SHIFT_DR,ST_SHIFT_DR
724,0,1,0,4,4,ST_SHIFT_DR,ST_SHIFT_DR
725,0,0,0,4,4,ST_SHIFT_DR,ST_SHIFT_DR
726,0,1,0,4,4,ST_SHIFT_DR,ST_SHIFT_DR
727,0,0,0,4,4,ST_SHIFT_DR,ST_SHIFT_DR
728,0,1,0,4,4,ST_SHIFT_DR,ST_SHIFT_DR
729,0,0,0,4,4,ST_SHIFT_DR,ST_SHIFT_DR
730,0,1,0,4,4,ST_SHIFT_DR,ST_SHIFT_DR
731,0,1,1,4,4,ST_SHIFT_DR,ST_SHIFT_DR
732,0,1,0,4,4,ST_SHIFT_DR,ST_SHIFT_DR
733,0,1,0,4,4,ST_SHIFT_DR,ST_SHIFT_DR
734,0,1,0,4,4,ST_SHIFT_DR,ST_SHIFT_DR
735,0,1,0,4,4,ST_SHIFT_DR,ST_SHIFT_DR
736,0,1,0,4,4,ST_SHIFT_DR,ST_SHIFT_DR
737,0,0,0,4,4,ST_SHIFT_DR,ST_SHIFT_DR
738,0,0,0,4,4,ST_SHIFT_DR,ST_SHIFT_DR
739,0,1,0,4,4,ST_SHIFT_DR,ST_SHIFT_DR
740,0,1,0,4,4,ST_SHIFT_DR,ST_SHIFT_DR
741,0,0,0,4,4,ST_SHIFT_DR,ST_SHIFT_DR
742,0,0,0,4,4,ST_SHIFT_DR,ST_SHIFT_DR
743,0,0,0,4,4,ST_SHIFT_DR,ST_SHIFT_DR
744,0,0,0,4,4,ST_SHIFT_DR,ST_SHIFT_DR
745,0,1,0,4,4,ST_SHIFT_DR,ST_SHIFT_DR
746,0,1,0,4,4,ST_SHIFT_DR,ST_SHIFT_DR
747,0,1,0,4,4,ST_SHIFT_DR,ST_SHIFT_DR
748,0,1,0,4,4,ST_SHIFT_DR,ST_SHIFT_DR
749,0,1,0,4,4,ST_SHIFT_DR,ST_SHIFT_DR
750,0,0,0,4,4,ST_SHIFT_DR,ST_SHIFT_DR
751,1,1,0,4,5,ST_SHIFT_DR,ST_EXIT1_DR
752,1,1,0,5,8,ST_EXIT1_DR,ST_UPDATE_DR
753,0,1,0,8,1,ST_UPDATE_DR,ST_RUN_TEST_IDLE
754,0,0,0,1,1,ST_RUN_TEST_IDLE,ST_RUN_TEST_IDLE
755,1,0,0,1,2,ST_RUN_TEST_IDLE,ST_SELECT_DR_SCAN
756,1,0,0,2,9,ST_SELECT_DR_SCAN,ST_SELECT_IR_SCAN
757,0,0,0,9,10,ST_SELECT_IR_SCAN,ST_CAPTURE_IR
758,0,0,0,10,11,ST_CAPTURE_IR,ST_SHIFT_IR
759,0,0,1,11,11,ST_SHIFT_IR,ST_SHIFT_IR
760,0,0,0,11,11,ST_SHIFT_IR,ST_SHIFT_IR
761,0,1,0,11,11,ST_SHIFT_IR,ST_SHIFT_IR
762,0,0,0,11,11,ST_SHIFT_IR,ST_SHIFT_IR
763,0,1,0,11,11,ST_SHIFT_IR,ST_SHIFT_IR
764,0,1,0,11,11,ST_SHIFT_IR,ST_SHIFT_IR
765,0,1,0,11,11,ST_SHIFT_IR,ST_SHIFT_IR
766,1,0,0,11,12,ST_SHIFT_IR,ST_EXIT1_IR
767,1,0,0,12,15,ST_EXIT1_IR,ST_UPDATE_IR
768,0,0,0,15,1,ST_UPDATE_IR,ST_RUN_TEST_IDLE
769,1,0,0,1,2,ST_RUN_TEST_IDLE,ST_SELECT_DR_SCAN
770,0,0,0,2,3,ST_SELECT_DR_SCAN,ST_CAPTURE_DR
771,0,0,0,3,4,ST_CAPTURE_DR,ST_SHIFT_DR
772,0,0,1,4,4,ST_SHIFT_DR,ST_SHIFT_DR
773,0,0,0,4,4,ST_SHIFT_DR,ST_SHIFT_DR
774,0,0,0,4,4,ST_SHIFT_DR,ST_SHIFT_DR
775,0,0,0,4,4,ST_SHIFT_DR,ST_SHIFT_DR
776,0,0,0,4,4,ST_SHIFT_DR,ST_SHIFT_DR
777,0,1,0,4,4,ST_SHIFT_DR,ST_SHIFT_DR
778,0,0,0,4,4,ST_SHIFT_DR,ST_SHIFT_DR
779,0,0,0,4,4,ST_SHIFT_DR,ST_SHIFT_DR
780,0,0,0,4,4,ST_SHIFT_DR,ST_SHIFT_DR
781,0,0,0,4,4,ST_SHIFT_DR,ST_SHIFT_DR
782,0,0,0,4,4,ST_SHIFT_DR,ST_SHIFT_DR
783,0,0,0,4,4,ST_SHIFT_DR,ST_SHIFT_DR
784,0,0,1,4,4,ST_SHIFT_DR,ST_SHIFT_DR
785,0,0,0,4,4,ST_SHIFT_DR,ST_SHIFT_DR
786,0,0,0,4,4,ST_SHIFT_DR,ST_SHIFT_DR
787,0,0,0,4,4,ST_SHIFT_DR,ST_SHIFT_DR
788,0,0,0,4,4,ST_SHIFT_DR,ST_SHIFT_DR
789,0,0,0,4,4,ST_SHIFT_DR,ST_SHIFT_DR
790,0,0,0,4,4,ST_SHIFT_DR,ST_SHIFT_DR
791,0,0,0,4,4,ST_SHIFT_DR,ST_SHIFT_DR
792,0,0,0,4,4,ST_SHIFT_DR,ST_SHIFT_DR
793,0,0,0,4,4,ST_SHIFT_DR,ST_SHIFT_DR
794,0,0,0,4,4,ST_SHIFT_DR,ST_SHIFT_DR
795,0,1,0,4,4,ST_SHIFT_DR,ST_SHIFT_DR
796,0,0,0,4,4,ST_SHIFT_DR,ST_SHIFT_DR
797,0,1,0,4,4,ST_SHIFT_DR,ST_SHIFT_DR
798,0,1,0,4,4,ST_SHIFT_DR,ST_SHIFT_DR
799,0,1,0,4,4,ST_SHIFT_DR,ST_SHIFT_DR
800,0,0,0,4,4,ST_SHIFT_DR,ST_SHIFT_DR
801,0,0,0,4,4,ST_SHIFT_DR,ST_SHIFT_DR
802,0,1,0,4,4,ST_SHIFT_DR,ST_SHIFT_DR
803,0,0,0,4,4,ST_SHIFT_DR,ST_SHIFT_DR
804,1,1,0,4,5,ST_SHIFT_DR,ST_EXIT1_DR
805,1,1,0,5,8,ST_EXIT1_DR,ST_UPDATE_DR
806,0,1,0,8,1,ST_UPDATE_DR,ST_RUN_TEST_IDLE
807,0,0,0,1,1,ST_RUN_TEST_IDLE,ST_RUN_TEST_IDLE
808,1,0,0,1,2,ST_RUN_TEST_IDLE,ST_SELECT_DR_SCAN
809,1,0,0,2,9,ST_SELECT_DR_SCAN,ST_SELECT_IR_SCAN
810,0,0,0,9,10,ST_SELECT_IR_SCAN,ST_CAPTURE_IR
811,0,0,0,10,11,ST_CAPTURE_IR,ST_SHIFT_IR
812,0,0,1,11,11,ST_SHIFT_IR,ST_SHIFT_IR
813,0,0,0,11,11,ST_SHIFT_IR,ST_SHIFT_IR
814,0,1,0,11,11,ST_SHIFT_IR,ST_SHIFT_IR
815,0,0,0,11,11,ST_SHIFT_IR,ST_SHIFT_IR
816,0,1,0,11,11,ST_SHIFT_IR,ST_SHIFT_IR
817,0,1,0,11,11,ST_SHIFT_IR,ST_SHIFT_IR
818,0,1,0,11,11,ST_SHIFT_IR,ST_SHIFT_IR
819,1,0,0,11,12,ST_SHIFT_IR,ST_EXIT1_IR
820,1,0,0,12,15,ST_EXIT1_IR,ST_UPDATE_IR
821,0,0,0,15,1,ST_UPDATE_IR,ST_RUN_TEST_IDLE
822,1,0,0,1,2,ST_RUN_TEST_IDLE,ST_SELECT_DR_SCAN
823,0,0,0,2,3,ST_SELECT_DR_SCAN,ST_CAPTURE_DR
824,0,0,0,3,4,ST_CAPTURE_DR,ST_SHIFT_DR
825,0,0,1,4,4,ST_SHIFT_DR,ST_SHIFT_DR
826,0,1,0,4,4,ST_SHIFT_DR,ST_SHIFT_DR
827,0,1,0,4,4,ST_SHIFT_DR,ST_SHIFT_DR
828,0,0,0,4,4,ST_SHIFT_DR,ST_SHIFT_DR
829,0,0,0,4,4,ST_SHIFT_DR,ST_SHIFT_DR
830,0,1,0,4,4,ST_SHIFT_DR,ST_SHIFT_DR
831,0,0,0,4,4,ST_SHIFT_DR,ST_SHIFT_DR
832,0,1,0,4,4,ST_SHIFT_DR,ST_SHIFT_DR
833,0,1,0,4,4,ST_SHIFT_DR,ST_SHIFT_DR
834,0,1,0,4,4,ST_SHIFT_DR,ST_SHIFT_DR
835,0,0,0,4,4,ST_SHIFT_DR,ST_SHIFT_DR
836,0,1,0,4,4,ST_SHIFT_DR,ST_SHIFT_DR
837,0,1,1,4,4,ST_SHIFT_DR,ST_SHIFT_DR
838,0,1,0,4,4,ST_SHIFT_DR,ST_SHIFT_DR
839,0,1,0,4,4,ST_SHIFT_DR,ST_SHIFT_DR
840,0,1,0,4,4,ST_SHIFT_DR,ST_SHIFT_DR
841,0,1,0,4,4,ST_SHIFT_DR,ST_SHIFT_DR
842,0,1,0,4,4,ST_SHIFT_DR,ST_SHIFT_DR
843,0,0,0,4,4,ST_SHIFT_DR,ST_SHIFT_DR
844,0,0,0,4,4,ST_SHIFT_DR,ST_SHIFT_DR
845,0,1,0,4,4,ST_SHIFT_DR,ST_SHIFT_DR
846,0,1,0,4,4,ST_SHIFT_DR,ST_SHIFT_DR
847,0,0,0,4,4,ST_SHIFT_DR,ST_SHIFT_DR
848,0,0,0,4,4,ST_SHIFT_DR,ST_SHIFT_DR
849,0,0,0,4,4,ST_SHIFT_DR,ST_SHIFT_DR
850,0,0,0,4,4,ST_SHIFT_DR,ST_SHIFT_DR
851,0,1,0,4,4,ST_SHIFT_DR,ST_SHIFT_DR
852,0,1,0,4,4,ST_SHIFT_DR,ST_SHIFT_DR
853,0,1,0,4,4,ST_SHIFT_DR,ST_SHIFT_DR
854,0,1,0,4,4,ST_SHIFT_DR,ST_SHIFT_DR
855,0,1,0,4,4,ST_SHIFT_DR,ST_SHIFT_DR
856,1,0,0,4,5,ST_SHIFT_DR,ST_EXIT1_DR
857,0,0,0,5,6,ST_EXIT1_DR,ST_PAUSE_DR
858,1,0,0,6,7,ST_PAUSE_DR,ST_EXIT2_DR
859,0,0,0,7,4,ST_EXIT2_DR,ST_SHIFT_DR
860,1,1,0,4,5,ST_SHIFT_DR,ST_EXIT1_DR
861,1,1,0,5,8,ST_EXIT1_DR,ST_UPDATE_DR
862,0,1,0,8,1,ST_UPDATE_DR,ST_RUN_TEST_IDLE
863,0,0,0,1,1,ST_RUN_TEST_IDLE,ST_RUN_TEST_IDLE
864,1,0,0,1,2,ST_RUN_TEST_IDLE,ST_SELECT_DR_SCAN
865,1,0,0,2,9,ST_SELECT_DR_SCAN,ST_SELECT_IR_SCAN
866,0,0,0,9,10,ST_SELECT_IR_SCAN,ST_CAPTURE_IR
867,0,0,0,10,11,ST_CAPTURE_IR,ST_SHIFT_IR
868,0,0,1,11,11,ST_SHIFT_IR,ST_SHIFT_IR
869,0,0,0,11,11,ST_SHIFT_IR,ST_SHIFT_IR
870,0,1,0,11,11,ST_SHIFT_IR,ST_SHIFT_IR
871,0,0,0,11,11,ST_SHIFT_IR,ST_SHIFT_IR
872,0,1,0,11,11,ST_SHIFT_IR,ST_SHIFT_IR
873,0,1,0,11,11,ST_SHIFT_IR,ST_SHIFT_IR
874,0,0,0,11,11,ST_SHIFT_IR,ST_SHIFT_IR
875,1,1,0,11,12,ST_SHIFT_IR,ST_EXIT1_IR
876,1,1,0,12,15,ST_EXIT1_IR,ST_UPDATE_IR
877,0,1,0,15,1,ST_UPDATE_IR,ST_RUN_TEST_IDLE
878,1,0,0,1,2,ST_RUN_TEST_IDLE,ST_SELECT_DR_SCAN
879,0,0,0,2,3,ST_SELECT_DR_SCAN,ST_CAPTURE_DR
880,0,0,0,3,4,ST_CAPTURE_DR,ST_SHIFT_DR
881,0,0,0,4,4,ST_SHIFT_DR,ST_SHIFT_DR
882,0,0,0,4,4,ST_SHIFT_DR,ST_SHIFT_DR
883,0,1,0,4,4,ST_SHIFT_DR,ST_SHIFT_DR
884,0,0,1,4,4,ST_SHIFT_DR,ST_SHIFT_DR
885,0,1,0,4,4,ST_SHIFT_DR,ST_SHIFT_DR
886,0,1,0,4,4,ST_SHIFT_DR,ST_SHIFT_DR
887,0,0,0,4,4,ST_SHIFT_DR,ST_SHIFT_DR
888,0,1,1,4,4,ST_SHIFT_DR,ST_SHIFT_DR
889,0,0,0,4,4,ST_SHIFT_DR,ST_SHIFT_DR
890,0,0,1,4,4,ST_SHIFT_DR,ST_SHIFT_DR
891,0,0,1,4,4,ST_SHIFT_DR,ST_SHIFT_DR
892,0,0,0,4,4,ST_SHIFT_DR,ST_SHIFT_DR
893,0,0,1,4,4,ST_SHIFT_DR,ST_SHIFT_DR
894,0,0,1,4,4,ST_SHIFT_DR,ST_SHIFT_DR
895,0,0,0,4,4,ST_SHIFT_DR,ST_SHIFT_DR
896,0,0,0,4,4,ST_SHIFT_DR,ST_SHIFT_DR
897,0,0,0,4,4,ST_SHIFT_DR,ST_SHIFT_DR
898,0,0,1,4,4,ST_SHIFT_DR,ST_SHIFT_DR
899,0,0,0,4,4,ST_SHIFT_DR,ST_SHIFT_DR
900,0,0,1,4,4,ST_SHIFT_DR,ST_SHIFT_DR
901,0,0,1,4,4,ST_SHIFT_DR,ST_SHIFT_DR
902,0,0,1,4,4,ST_SHIFT_DR,ST_SHIFT_DR
903,0,0,1,4,4,ST_SHIFT_DR,ST_SHIFT_DR
904,0,0,1,4,4,ST_SHIFT_DR,ST_SHIFT_DR
905,0,0,1,4,4,ST_SHIFT_DR,ST_SHIFT_DR
906,0,0,1,4,4,ST_SHIFT_DR,ST_SHIFT_DR
907,0,0,1,4,4,ST_SHIFT_DR,ST_SHIFT_DR
908,0,0,1,4,4,ST_SHIFT_DR,ST_SHIFT_DR
909,0,0,1,4,4,ST_SHIFT_DR,ST_SHIFT_DR
910,0,0,1,4,4,ST_SHIFT_DR,ST_SHIFT_DR
911,0,0,1,4,4,ST_SHIFT_DR,ST_SHIFT_DR
912,0,0,1,4,4,ST_SHIFT_DR,ST_SHIFT_DR
913,1,0,0,4,5,ST_SHIFT_DR,ST_EXIT1_DR
914,1,0,0,5,8,ST_EXIT1_DR,ST_UPDATE_DR
915,0,0,0,8,1,ST_UPDATE_DR,ST_RUN_TEST_IDLE
916,0,0,0,1,1,ST_RUN_TEST_IDLE,ST_RUN_TEST_IDLE
917,1,0,0,1,2,ST_RUN_TEST_IDLE,ST_SELECT_DR_SCAN
918,1,0,0,2,9,ST_SELECT_DR_SCAN,ST_SELECT_IR_SCAN
919,0,0,0,9,10,ST_SELECT_IR_SCAN,ST_CAPTURE_IR
920,0,0,0,10,11,ST_CAPTURE_IR,ST_SHIFT_IR
921,0,0,1,11,11,ST_SHIFT_IR,ST_SHIFT_IR
922,0,0,0,11,11,ST_SHIFT_IR,ST_SHIFT_IR
923,0,1,0,11,11,ST_SHIFT_IR,ST_SHIFT_IR
924,0,0,0,11,11,ST_SHIFT_IR,ST_SHIFT_IR
925,0,1,0,11,11,ST_SHIFT_IR,ST_SHIFT_IR
926,0,1,0,11,11,ST_SHIFT_IR,ST_SHIFT_IR
927,0,0,0,11,11,ST_SHIFT_IR,ST_SHIFT_IR
928,1,1,0,11,12,ST_SHIFT_IR,ST_EXIT1_IR
929,1,1,0,12,15,ST_EXIT1_IR,ST_UPDATE_IR
930,0,1,0,15,1,ST_UPDATE_IR,ST_RUN_TEST_IDLE
931,1,0,0,1,2,ST_RUN_TEST_IDLE,ST_SELECT_DR_SCAN
932,0,0,0,2,3,ST_SELECT_DR_SCAN,ST_CAPTURE_DR
933,0,0,0,3,4,ST_CAPTURE_DR,ST_SHIFT_DR
934,0,0,0,4,4,ST_SHIFT_DR,ST_SHIFT_DR
935,0,0,0,4,4,ST_SHIFT_DR,ST_SHIFT_DR
936,0,0,0,4,4,ST_SHIFT_DR,ST_SHIFT_DR
937,0,1,1,4,4,ST_SHIFT_DR,ST_SHIFT_DR
938,0,0,0,4,4,ST_SHIFT_DR,ST_SHIFT_DR
939,0,0,0,4,4,ST_SHIFT_DR,ST_SHIFT_DR
940,0,0,0,4,4,ST_SHIFT_DR,ST_SHIFT_DR
941,0,1,1,4,4,ST_SHIFT_DR,ST_SHIFT_DR
942,0,0,0,4,4,ST_SHIFT_DR,ST_SHIFT_DR
943,0,1,1,4,4,ST_SHIFT_DR,ST_SHIFT_DR
944,0,1,1,4,4,ST_SHIFT_DR,ST_SHIFT_DR
945,0,0,0,4,4,ST_SHIFT_DR,ST_SHIFT_DR
946,0,1,1,4,4,ST_SHIFT_DR,ST_SHIFT_DR
947,0,1,1,4,4,ST_SHIFT_DR,ST_SHIFT_DR
948,0,0,0,4,4,ST_SHIFT_DR,ST_SHIFT_DR
949,0,0,0,4,4,ST_SHIFT_DR,ST_SHIFT_DR
950,0,0,0,4,4,ST_SHIFT_DR,ST_SHIFT_DR
951,0,1,1,4,4,ST_SHIFT_DR,ST_SHIFT_DR
952,0,0,0,4,4,ST_SHIFT_DR,ST_SHIFT_DR
953,0,1,1,4,4,ST_SHIFT_DR,ST_SHIFT_DR
954,0,1,1,4,4,ST_SHIFT_DR,ST_SHIFT_DR
955,0,1,1,4,4,ST_SHIFT_DR,ST_SHIFT_DR
956,0,1,1,4,4,ST_SHIFT_DR,ST_SHIFT_DR
957,0,1,1,4,4,ST_SHIFT_DR,ST_SHIFT_DR
958,0,1,1,4,4,ST_SHIFT_DR,ST_SHIFT_DR
959,0,1,1,4,4,ST_SHIFT_DR,ST_SHIFT_DR
960,0,1,1,4,4,ST_SHIFT_DR,ST_SHIFT_DR
961,0,1,1,4,4,ST_SHIFT_DR,ST_SHIFT_DR
962,0,1,1,4,4,ST_SHIFT_DR,ST_SHIFT_DR
963,0,1,1,4,4,ST_SHIFT_DR,ST_SHIFT_DR
964,0,1,1,4,4,ST_SHIFT_DR,ST_SHIFT_DR
965,0,1,1,4,4,ST_SHIFT_DR,ST_SHIFT_DR
966,1,1,0,4,5,ST_SHIFT_DR,ST_EXIT1_DR
967,1,1,0,5,8,ST_EXIT1_DR,ST_UPDATE_DR
968,0,1,0,8,1,ST_UPDATE_DR,ST_RUN_TEST_IDLE
969,0,0,0,1,1,ST_RUN_TEST_IDLE,ST_RUN_TEST_IDLE
970,1,0,0,1,2,ST_RUN_TEST_IDLE,ST_SELECT_DR_SCAN
971,1,0,0,2,9,ST_SELECT_DR_SCAN,ST_SELECT_IR_SCAN
972,0,0,0,9,10,ST_SELECT_IR_SCAN,ST_CAPTURE_IR
973,0,0,0,10,11,ST_CAPTURE_IR,ST_SHIFT_IR
974,0,0,1,11,11,ST_SHIFT_IR,ST_SHIFT_IR
975,0,0,0,11,11,ST_SHIFT_IR,ST_SHIFT_IR
976,0,1,0,11,11,ST_SHIFT_IR,ST_SHIFT_IR
977,0,0,0,11,11,ST_SHIFT_IR,ST_SHIFT_IR
978,0,1,0,11,11,ST_SHIFT_IR,ST_SHIFT_IR
979,0,1,0,11,11,ST_SHIFT_IR,ST_SHIFT_IR
980,0,1,0,11,11,ST_SHIFT_IR,ST_SHIFT_IR
981,1,0,0,11,12,ST_SHIFT_IR,ST_EXIT1_IR
982,1,0,0,12,15,ST_EXIT1_IR,ST_UPDATE_IR
983,0,0,0,15,1,ST_UPDATE_IR,ST_RUN_TEST_IDLE
984,1,0,0,1,2,ST_RUN_TEST_IDLE,ST_SELECT_DR_SCAN
985,0,0,0,2,3,ST_SELECT_DR_SCAN,ST_CAPTURE_DR
986,0,0,0,3,4,ST_CAPTURE_DR,ST_SHIFT_DR
987,0,0,1,4,4,ST_SHIFT_DR,ST_SHIFT_DR
988,0,1,0,4,4,ST_SHIFT_DR,ST_SHIFT_DR
989,0,1,0,4,4,ST_SHIFT_DR,ST_SHIFT_DR
990,0,0,0,4,4,ST_SHIFT_DR,ST_SHIFT_DR
991,0,0,0,4,4,ST_SHIFT_DR,ST_SHIFT_DR
992,0,1,0,4,4,ST_SHIFT_DR,ST_SHIFT_DR
993,0,0,0,4,4,ST_SHIFT_DR,ST_SHIFT_DR
994,0,1,0,4,4,ST_SHIFT_DR,ST_SHIFT_DR
995,0,0,0,4,4,ST_SHIFT_DR,ST_SHIFT_DR
996,0,1,0,4,4,ST_SHIFT_DR,ST_SHIFT_DR
997,0,0,0,4,4,ST_SHIFT_DR,ST_SHIFT_DR
998,0,1,0,4,4,ST_SHIFT_DR,ST_SHIFT_DR
999,0,1,1,4,4,ST_SHIFT_DR,ST_SHIFT_DR
1000,0,1,0,4,4,ST_SHIFT_DR,ST_SHIFT_DR
1001,0,1,0,4,4,ST_SHIFT_DR,ST_SHIFT_DR
1002,0,1,0,4,4,ST_SHIFT_DR,ST_SHIFT_DR
1003,0,1,0,4,4,ST_SHIFT_DR,ST_SHIFT_DR
1004,0,1,0,4,4,ST_SHIFT_DR,ST_SHIFT_DR
1005,0,0,0,4,4,ST_SHIFT_DR,ST_SHIFT_DR
1006,0,0,0,4,4,ST_SHIFT_DR,ST_SHIFT_DR
1007,0,1,0,4,4,ST_SHIFT_DR,ST_SHIFT_DR
1008,0,1,0,4,4,ST_SHIFT_DR,ST_SHIFT_DR
1009,0,0,0,4,4,ST_SHIFT_DR,ST_SHIFT_DR
1010,0,0,0,4,4,ST_SHIFT_DR,ST_SHIFT_DR
1011,0,0,0,4,4,ST_SHIFT_DR,ST_SHIFT_DR
1012,0,0,0,4,4,ST_SHIFT_DR,ST_SHIFT_DR
1013,0,1,0,4,4,ST_SHIFT_DR,ST_SHIFT_DR
1014,0,1,0,4,4,ST_SHIFT_DR,ST_SHIFT_DR
1015,0,1,0,4,4,ST_SHIFT_DR,ST_SHIFT_DR
1016,0,1,0,4,4,ST_SHIFT_DR,ST_SHIFT_DR
1017,0,1,0,4,4,ST_SHIFT_DR,ST_SHIFT_DR
1018,0,0,0,4,4,ST_SHIFT_DR,ST_SHIFT_DR
1019,1,1,0,4,5,ST_SHIFT_DR,ST_EXIT1_DR
1020,1,1,0,5,8,ST_EXIT1_DR,ST_UPDATE_DR
1021,0,1,0,8,1,ST_UPDATE_DR,ST_RUN_TEST_IDLE
1022,0,0,0,1,1,ST_RUN_TEST_IDLE,ST_RUN_TEST_IDLE
1023,1,0,0,1,2,ST_RUN_TEST_IDLE,ST_SELECT_DR_SCAN
1024,1,0,0,2,9,ST_SELECT_DR_SCAN,ST_SELECT_IR_SCAN
1025,0,0,0,9,10,ST_SELECT_IR_SCAN,ST_CAPTURE_IR
1026,0,0,0,10,11,ST_CAPTURE_IR,ST_SHIFT_IR
1027,0,0,1,11,11,ST_SHIFT_IR,ST_SHIFT_IR
1028,0,0,0,11,11,ST_SHIFT_IR,ST_SHIFT_IR
1029,0,1,0,11,11,ST_SHIFT_IR,ST_SHIFT_IR
1030,0,0,0,11,11,ST_SHIFT_IR,ST_SHIFT_IR
1031,0,1,0,11,11,ST_SHIFT_IR,ST_SHIFT_IR
1032,0,1,0,11,11,ST_SHIFT_IR,ST_SHIFT_IR
1033,0,1,0,11,11,ST_SHIFT_IR,ST_SHIFT_IR
1034,1,0,0,11,12,ST_SHIFT_IR,ST_EXIT1_IR
1035,1,0,0,12,15,ST_EXIT1_IR,ST_UPDATE_IR
1036,0,0,0,15,1,ST_UPDATE_IR,ST_RUN_TEST_IDLE
1037,1,0,0,1,2,ST_RUN_TEST_IDLE,ST_SELECT_DR_SCAN
1038,0,0,0,2,3,ST_SELECT_DR_SCAN,ST_CAPTURE_DR
1039,0,0,0,3,4,ST_CAPTURE_DR,ST_SHIFT_DR
1040,0,0,1,4,4,ST_SHIFT_DR,ST_SHIFT_DR
1041,0,1,0,4,4,ST_SHIFT_DR,ST_SHIFT_DR
1042,0,1,0,4,4,ST_SHIFT_DR,ST_SHIFT_DR
1043,0,0,0,4,4,ST_SHIFT_DR,ST_SHIFT_DR
1044,0,0,0,4,4,ST_SHIFT_DR,ST_SHIFT_DR
1045,0,1,0,4,4,ST_SHIFT_DR,ST_SHIFT_DR
1046,0,0,0,4,4,ST_SHIFT_DR,ST_SHIFT_DR
1047,0,1,0,4,4,ST_SHIFT_DR,ST_SHIFT_DR
1048,0,1,0,4,4,ST_SHIFT_DR,ST_SHIFT_DR
1049,0,1,0,4,4,ST_SHIFT_DR,ST_SHIFT_DR
1050,0,0,0,4,4,ST_SHIFT_DR,ST_SHIFT_DR
1051,0,0,0,4,4,ST_SHIFT_DR,ST_SHIFT_DR
1052,0,0,1,4,4,ST_SHIFT_DR,ST_SHIFT_DR
1053,0,0,0,4,4,ST_SHIFT_DR,ST_SHIFT_DR
1054,0,0,0,4,4,ST_SHIFT_DR,ST_SHIFT_DR
1055,0,0,0,4,4,ST_SHIFT_DR,ST_SHIFT_DR
1056,0,0,0,4,4,ST_SHIFT_DR,ST_SHIFT_DR
1057,0,0,0,4,4,ST_SHIFT_DR,ST_SHIFT_DR
1058,0,0,0,4,4,ST_SHIFT_DR,ST_SHIFT_DR
1059,0,1,0,4,4,ST_SHIFT_DR,ST_SHIFT_DR
1060,0,0,0,4,4,ST_SHIFT_DR,ST_SHIFT_DR
1061,0,1,0,4,4,ST_SHIFT_DR,ST_SHIFT_DR
1062,0,0,0,4,4,ST_SHIFT_DR,ST_SHIFT_DR
1063,0,0,0,4,4,ST_SHIFT_DR,ST_SHIFT_DR
1064,0,0,0,4,4,ST_SHIFT_DR,ST_SHIFT_DR
1065,0,0,0,4,4,ST_SHIFT_DR,ST_SHIFT_DR
1066,0,1,0,4,4,ST_SHIFT_DR,ST_SHIFT_DR
1067,0,1,0,4,4,ST_SHIFT_DR,ST_SHIFT_DR
1068,0,1,0,4,4,ST_SHIFT_DR,ST_SHIFT_DR
1069,0,1,0,4,4,ST_SHIFT_DR,ST_SHIFT_DR
1070,0,1,0,4,4,ST_SHIFT_DR,ST_SHIFT_DR
1071,0,0,0,4,4,ST_SHIFT_DR,ST_SHIFT_DR
1072,1,1,0,4,5,ST_SHIFT_DR,ST_EXIT1_DR
1073,1,1,0,5,8,ST_EXIT1_DR,ST_UPDATE_DR
1074,0,1,0,8,1,ST_UPDATE_DR,ST_RUN_TEST_IDLE
1075,0,0,0,1,1,ST_RUN_TEST_IDLE,ST_RUN_TEST_IDLE
1076,1,0,0,1,2,ST_RUN_TEST_IDLE,ST_SELECT_DR_SCAN
1077,1,0,0,2,9,ST_SELECT_DR_SCAN,ST_SELECT_IR_SCAN
1078,0,0,0,9,10,ST_SELECT_IR_SCAN,ST_CAPTURE_IR
1079,0,0,0,10,11,ST_CAPTURE_IR,ST_SHIFT_IR
1080,0,0,1,11,11,ST_SHIFT_IR,ST_SHIFT_IR
1081,0,0,0,11,11,ST_SHIFT_IR,ST_SHIFT_IR
1082,0,1,0,11,11,ST_SHIFT_IR,ST_SHIFT_IR
1083,0,0,0,11,11,ST_SHIFT_IR,ST_SHIFT_IR
1084,0,1,0,11,11,ST_SHIFT_IR,ST_SHIFT_IR
1085,0,1,0,11,11,ST_SHIFT_IR,ST_SHIFT_IR
1086,0,0,0,11,11,ST_SHIFT_IR,ST_SHIFT_IR
1087,1,1,0,11,12,ST_SHIFT_IR,ST_EXIT1_IR
1088,1,1,0,12,15,ST_EXIT1_IR,ST_UPDATE_IR
1089,0,1,0,15,1,ST_UPDATE_IR,ST_RUN_TEST_IDLE
1090,1,0,0,1,2,ST_RUN_TEST_IDLE,ST_SELECT_DR_SCAN
1091,0,0,0,2,3,ST_SELECT_DR_SCAN,ST_CAPTURE_DR
1092,0,0,0,3,4,ST_CAPTURE_DR,ST_SHIFT_DR
1093,0,0,0,4,4,ST_SHIFT_DR,ST_SHIFT_DR
1094,0,0,0,4,4,ST_SHIFT_DR,ST_SHIFT_DR
1095,0,0,0,4,4,ST_SHIFT_DR,ST_SHIFT_DR
1096,0,1,1,4,4,ST_SHIFT_DR,ST_SHIFT_DR
1097,0,0,0,4,4,ST_SHIFT_DR,ST_SHIFT_DR
1098,0,0,0,4,4,ST_SHIFT_DR,ST_SHIFT_DR
1099,0,0,0,4,4,ST_SHIFT_DR,ST_SHIFT_DR
1100,0,1,1,4,4,ST_SHIFT_DR,ST_SHIFT_DR
1101,0,0,0,4,4,ST_SHIFT_DR,ST_SHIFT_DR
1102,0,1,1,4,4,ST_SHIFT_DR,ST_SHIFT_DR
1103,0,1,1,4,4,ST_SHIFT_DR,ST_SHIFT_DR
1104,0,0,0,4,4,ST_SHIFT_DR,ST_SHIFT_DR
1105,0,1,1,4,4,ST_SHIFT_DR,ST_SHIFT_DR
1106,0,1,1,4,4,ST_SHIFT_DR,ST_SHIFT_DR
1107,0,0,0,4,4,ST_SHIFT_DR,ST_SHIFT_DR
1108,0,0,0,4,4,ST_SHIFT_DR,ST_SHIFT_DR
1109,0,0,0,4,4,ST_SHIFT_DR,ST_SHIFT_DR
1110,0,1,1,4,4,ST_SHIFT_DR,ST_SHIFT_DR
1111,0,0,0,4,4,ST_SHIFT_DR,ST_SHIFT_DR
1112,0,1,1,4,4,ST_SHIFT_DR,ST_SHIFT_DR
1113,0,1,1,4,4,ST_SHIFT_DR,ST_SHIFT_DR
1114,0,1,1,4,4,ST_SHIFT_DR,ST_SHIFT_DR
1115,0,1,1,4,4,ST_SHIFT_DR,ST_SHIFT_DR
1116,0,1,1,4,4,ST_SHIFT_DR,ST_SHIFT_DR
1117,0,1,1,4,4,ST_SHIFT_DR,ST_SHIFT_DR
1118,0,1,1,4,4,ST_SHIFT_DR,ST_SHIFT_DR
1119,0,1,1,4,4,ST_SHIFT_DR,ST_SHIFT_DR
1120,0,1,1,4,4,ST_SHIFT_DR,ST_SHIFT_DR
1121,0,1,1,4,4,ST_SHIFT_DR,ST_SHIFT_DR
1122,0,1,1,4,4,ST_SHIFT_DR,ST_SHIFT_DR
1123,0,1,1,4,4,ST_SHIFT_DR,ST_SHIFT_DR
1124,0,1,1,4,4,ST_SHIFT_DR,ST_SHIFT_DR
1125,1,1,0,4,5,ST_SHIFT_DR,ST_EXIT1_DR
1126,1,1,0,5,8,ST_EXIT1_DR,ST_UPDATE_DR
1127,0,1,0,8,1,ST_UPDATE_DR,ST_RUN_TEST_IDLE
1128,0,0,0,1,1,ST_RUN_TEST_IDLE,ST_RUN_TEST_IDLE
1129,1,0,0,1,2,ST_RUN_TEST_IDLE,ST_SELECT_DR_SCAN
1130,1,0,0,2,9,ST_SELECT_DR_SCAN,ST_SELECT_IR_SCAN
1131,0,0,0,9,10,ST_SELECT_IR_SCAN,ST_CAPTURE_IR
1132,0,0,0,10,11,ST_CAPTURE_IR,ST_SHIFT_IR
1133,0,0,1,11,11,ST_SHIFT_IR,ST_SHIFT_IR
1134,0,0,0,11,11,ST_SHIFT_IR,ST_SHIFT_IR
1135,0,1,0,11,11,ST_SHIFT_IR,ST_SHIFT_IR
1136,0,0,0,11,11,ST_SHIFT_IR,ST_SHIFT_IR
1137,0,1,0,11,11,ST_SHIFT_IR,ST_SHIFT_IR
1138,0,1,0,11,11,ST_SHIFT_IR,ST_SHIFT_IR
1139,0,1,0,11,11,ST_SHIFT_IR,ST_SHIFT_IR
1140,1,0,0,11,12,ST_SHIFT_IR,ST_EXIT1_IR
1141,1,0,0,12,15,ST_EXIT1_IR,ST_UPDATE_IR
1142,0,0,0,15,1,ST_UPDATE_IR,ST_RUN_TEST_IDLE
1143,1,0,0,1,2,ST_RUN_TEST_IDLE,ST_SELECT_DR_SCAN
1144,0,0,0,2,3,ST_SELECT_DR_SCAN,ST_CAPTURE_DR
1145,0,0,0,3,4,ST_CAPTURE_DR,ST_SHIFT_DR
1146,0,0,1,4,4,ST_SHIFT_DR,ST_SHIFT_DR
1147,0,1,0,4,4,ST_SHIFT_DR,ST_SHIFT_DR
1148,0,1,0,4,4,ST_SHIFT_DR,ST_SHIFT_DR
1149,0,0,0,4,4,ST_SHIFT_DR,ST_SHIFT_DR
1150,0,0,0,4,4,ST_SHIFT_DR,ST_SHIFT_DR
1151,0,1,0,4,4,ST_SHIFT_DR,ST_SHIFT_DR
1152,0,0,0,4,4,ST_SHIFT_DR,ST_SHIFT_DR
1153,0,1,0,4,4,ST_SHIFT_DR,ST_SHIFT_DR
1154,0,0,0,4,4,ST_SHIFT_DR,ST_SHIFT_DR
1155,0,1,0,4,4,ST_SHIFT_DR,ST_SHIFT_DR
1156,0,0,0,4,4,ST_SHIFT_DR,ST_SHIFT_DR
1157,0,1,0,4,4,ST_SHIFT_DR,ST_SHIFT_DR
1158,0,1,1,4,4,ST_SHIFT_DR,ST_SHIFT_DR
1159,0,1,0,4,4,ST_SHIFT_DR,ST_SHIFT_DR
1160,0,1,0,4,4,ST_SHIFT_DR,ST_SHIFT_DR
1161,0,1,0,4,4,ST_SHIFT_DR,ST_SHIFT_DR
1162,0,1,0,4,4,ST_SHIFT_DR,ST_SHIFT_DR
1163,0,1,0,4,4,ST_SHIFT_DR,ST_SHIFT_DR
1164,0,0,0,4,4,ST_SHIFT_DR,ST_SHIFT_DR
1165,0,0,0,4,4,ST_SHIFT_DR,ST_SHIFT_DR
1166,0,1,0,4,4,ST_SHIFT_DR,ST_SHIFT_DR
1167,0,1,0,4,4,ST_SHIFT_DR,ST_SHIFT_DR
1168,0,0,0,4,4,ST_SHIFT_DR,ST_SHIFT_DR
1169,0,0,0,4,4,ST_SHIFT_DR,ST_SHIFT_DR
1170,0,0,0,4,4,ST_SHIFT_DR,ST_SHIFT_DR
1171,0,0,0,4,4,ST_SHIFT_DR,ST_SHIFT_DR
1172,0,1,0,4,4,ST_SHIFT_DR,ST_SHIFT_DR
1173,0,1,0,4,4,ST_SHIFT_DR,ST_SHIFT_DR
1174,0,1,0,4,4,ST_SHIFT_DR,ST_SHIFT_DR
1175,0,1,0,4,4,ST_SHIFT_DR,ST_SHIFT_DR
1176,0,1,0,4,4,ST_SHIFT_DR,ST_SHIFT_DR
1177,0,0,0,4,4,ST_SHIFT_DR,ST_SHIFT_DR
1178,1,1,0,4,5,ST_SHIFT_DR,ST_EXIT1_DR
1179,1,1,0,5,8,ST_EXIT1_DR,ST_UPDATE_DR
1180,0,1,0,8,1,ST_UPDATE_DR,ST_RUN_TEST_IDLE
1181,0,0,0,1,1,ST_RUN_TEST_IDLE,ST_RUN_TEST_IDLE
1182,1,0,0,1,2,ST_RUN_TEST_IDLE,ST_SELECT_DR_SCAN
1183,1,0,0,2,9,ST_SELECT_DR_SCAN,ST_SELECT_IR_SCAN
1184,0,0,0,9,10,ST_SELECT_IR_SCAN,ST_CAPTURE_IR
1185,0,0,0,10,11,ST_CAPTURE_IR,ST_SHIFT_IR
1186,0,0,1,11,11,ST_SHIFT_IR,ST_SHIFT_IR
1187,0,0,0,11,11,ST_SHIFT_IR,ST_SHIFT_IR
1188,0,1,0,11,11,ST_SHIFT_IR,ST_SHIFT_IR
1189,0,0,0,11,11,ST_SHIFT_IR,ST_SHIFT_IR
1190,0,1,0,11,11,ST_SHIFT_IR,ST_SHIFT_IR
1191,0,0,0,11,11,ST_SHIFT_IR,ST_SHIFT_IR
1192,0,1,0,11,11,ST_SHIFT_IR,ST_SHIFT_IR
1193,1,0,0,11,12,ST_SHIFT_IR,ST_EXIT1_IR
1194,1,0,0,12,15,ST_EXIT1_IR,ST_UPDATE_IR
1195,0,0,0,15,1,ST_UPDATE_IR,ST_RUN_TEST_IDLE
1196,1,0,0,1,2,ST_RUN_TEST_IDLE,ST_SELECT_DR_SCAN
1197,0,0,0,2,3,ST_SELECT_DR_SCAN,ST_CAPTURE_DR
1198,0,0,0,3,4,ST_CAPTURE_DR,ST_SHIFT_DR
1199,0,0,1,4,4,ST_SHIFT_DR,ST_SHIFT_DR
1200,0,0,0,4,4,ST_SHIFT_DR,ST_SHIFT_DR
1201,0,1,0,4,4,ST_SHIFT_DR,ST_SHIFT_DR
1202,0,0,0,4,4,ST_SHIFT_DR,ST_SHIFT_DR
1203,0,1,0,4,4,ST_SHIFT_DR,ST_SHIFT_DR
1204,0,0,0,4,4,ST_SHIFT_DR,ST_SHIFT_DR
1205,0,1,0,4,4,ST_SHIFT_DR,ST_SHIFT_DR
1206,0,0,0,4,4,ST_SHIFT_DR,ST_SHIFT_DR
1207,0,0,0,4,4,ST_SHIFT_DR,ST_SHIFT_DR
1208,0,0,0,4,4,ST_SHIFT_DR,ST_SHIFT_DR
1209,0,0,0,4,4,ST_SHIFT_DR,ST_SHIFT_DR
1210,0,0,0,4,4,ST_SHIFT_DR,ST_SHIFT_DR
1211,0,0,1,4,4,ST_SHIFT_DR,ST_SHIFT_DR
1212,0,0,0,4,4,ST_SHIFT_DR,ST_SHIFT_DR
1213,0,0,0,4,4,ST_SHIFT_DR,ST_SHIFT_DR
1214,0,0,0,4,4,ST_SHIFT_DR,ST_SHIFT_DR
1215,0,0,0,4,4,ST_SHIFT_DR,ST_SHIFT_DR
1216,0,0,0,4,4,ST_SHIFT_DR,ST_SHIFT_DR
1217,0,0,0,4,4,ST_SHIFT_DR,ST_SHIFT_DR
1218,0,0,0,4,4,ST_SHIFT_DR,ST_SHIFT_DR
1219,0,0,0,4,4,ST_SHIFT_DR,ST_SHIFT_DR
1220,0,0,0,4,4,ST_SHIFT_DR,ST_SHIFT_DR
1221,0,0,0,4,4,ST_SHIFT_DR,ST_SHIFT_DR
1222,0,0,0,4,4,ST_SHIFT_DR,ST_SHIFT_DR
1223,0,0,0,4,4,ST_SHIFT_DR,ST_SHIFT_DR
1224,0,0,0,4,4,ST_SHIFT_DR,ST_SHIFT_DR
1225,0,0,0,4,4,ST_SHIFT_DR,ST_SHIFT_DR
1226,0,0,0,4,4,ST_SHIFT_DR,ST_SHIFT_DR
1227,0,0,0,4,4,ST_SHIFT_DR,ST_SHIFT_DR
1228,0,0,0,4,4,ST_SHIFT_DR,ST_SHIFT_DR
1229,0,0,0,4,4,ST_SHIFT_DR,ST_SHIFT_DR
1230,0,0,0,4,4,ST_SHIFT_DR,ST_SHIFT_DR
1231,1,0,0,4,5,ST_SHIFT_DR,ST_EXIT1_DR
1232,1,0,0,5,8,ST_EXIT1_DR,ST_UPDATE_DR
1233,0,0,0,8,1,ST_UPDATE_DR,ST_RUN_TEST_IDLE
1234,0,0,0,1,1,ST_RUN_TEST_IDLE,ST_RUN_TEST_IDLE
1235,1,0,0,1,2,ST_RUN_TEST_IDLE,ST_SELECT_DR_SCAN
1236,1,0,0,2,9,ST_SELECT_DR_SCAN,ST_SELECT_IR_SCAN
1237,0,0,0,9,10,ST_SELECT_IR_SCAN,ST_CAPTURE_IR
1238,0,0,0,10,11,ST_CAPTURE_IR,ST_SHIFT_IR
1239,0,0,1,11,11,ST_SHIFT_IR,ST_SHIFT_IR
1240,0,0,0,11,11,ST_SHIFT_IR,ST_SHIFT_IR
1241,0,1,0,11,11,ST_SHIFT_IR,ST_SHIFT_IR
1242,0,0,0,11,11,ST_SHIFT_IR,ST_SHIFT_IR
1243,0,1,0,11,11,ST_SHIFT_IR,ST_SHIFT_IR
1244,0,0,0,11,11,ST_SHIFT_IR,ST_SHIFT_IR
1245,0,1,0,11,11,ST_SHIFT_IR,ST_SHIFT_IR
1246,1,0,0,11,12,ST_SHIFT_IR,ST_EXIT1_IR
1247,1,0,0,12,15,ST_EXIT1_IR,ST_UPDATE_IR
1248,0,0,0,15,1,ST_UPDATE_IR,ST_RUN_TEST_IDLE
1249,1,0,0,1,2,ST_RUN_TEST_IDLE,ST_SELECT_DR_SCAN
1250,0,0,0,2,3,ST_SELECT_DR_SCAN,ST_CAPTURE_DR
1251,0,0,0,3,4,ST_CAPTURE_DR,ST_SHIFT_DR
1252,0,0,1,4,4,ST_SHIFT_DR,ST_SHIFT_DR
1253,0,0,0,4,4,ST_SHIFT_DR,ST_SHIFT_DR
1254,0,1,0,4,4,ST_SHIFT_DR,ST_SHIFT_DR
1255,0,0,0,4,4,ST_SHIFT_DR,ST_SHIFT_DR
1256,0,1,0,4,4,ST_SHIFT_DR,ST_SHIFT_DR
1257,0,0,0,4,4,ST_SHIFT_DR,ST_SHIFT_DR
1258,0,1,0,4,4,ST_SHIFT_DR,ST_SHIFT_DR
1259,0,0,0,4,4,ST_SHIFT_DR,ST_SHIFT_DR
1260,0,0,0,4,4,ST_SHIFT_DR,ST_SHIFT_DR
1261,0,0,0,4,4,ST_SHIFT_DR,ST_SHIFT_DR
1262,0,0,0,4,4,ST_SHIFT_DR,ST_SHIFT_DR
1263,0,0,0,4,4,ST_SHIFT_DR,ST_SHIFT_DR
1264,0,0,1,4,4,ST_SHIFT_DR,ST_SHIFT_DR
1265,0,0,0,4,4,ST_SHIFT_DR,ST_SHIFT_DR
1266,0,0,0,4,4,ST_SHIFT_DR,ST_SHIFT_DR
1267,0,0,0,4,4,ST_SHIFT_DR,ST_SHIFT_DR
1268,0,0,0,4,4,ST_SHIFT_DR,ST_SHIFT_DR
1269,0,0,0,4,4,ST_SHIFT_DR,ST_SHIFT_DR
1270,0,0,0,4,4,ST_SHIFT_DR,ST_SHIFT_DR
1271,0,0,0,4,4,ST_SHIFT_DR,ST_SHIFT_DR
1272,0,0,0,4,4,ST_SHIFT_DR,ST_SHIFT_DR
1273,0,0,0,4,4,ST_SHIFT_DR,ST_SHIFT_DR
1274,0,0,0,4,4,ST_SHIFT_DR,ST_SHIFT_DR
1275,0,0,0,4,4,ST_SHIFT_DR,ST_SHIFT_DR
1276,0,0,0,4,4,ST_SHIFT_DR,ST_SHIFT_DR
1277,0,0,0,4,4,ST_SHIFT_DR,ST_SHIFT_DR
1278,0,0,0,4,4,ST_SHIFT_DR,ST_SHIFT_DR
1279,0,0,0,4,4,ST_SHIFT_DR,ST_SHIFT_DR
1280,0,0,0,4,4,ST_SHIFT_DR,ST_SHIFT_DR
1281,0,0,0,4,4,ST_SHIFT_DR,ST_SHIFT_DR
1282,0,0,0,4,4,ST_SHIFT_DR,ST_SHIFT_DR
1283,0,0,0,4,4,ST_SHIFT_DR,ST_SHIFT_DR
1284,1,0,0,4,5,ST_SHIFT_DR,ST_EXIT1_DR
1285,1,0,0,5,8,ST_EXIT1_DR,ST_UPDATE_DR
1286,0,0,0,8,1,ST_UPDATE_DR,ST_RUN_TEST_IDLE
